jammer,jsr_db,ber_clean_trained,ber_jam_aware,margin_mean_clean_trained,margin_mean_jam_aware
clean,,0.0041708333333333,0.0052791666666666,2.8607052780151365,2.795298858642578
cw,-10.0,0.010915,0.0078291666666666,2.7993172505696617,2.759507751159668
cw,-6.0,0.0797383333333333,0.0133275,2.368902512512207,2.68295982208252
cw,-2.0,0.3517241666666666,0.0174175,0.9212167281277974,2.583596928710937
cw,2.0,0.4020374999999999,0.0182841666666666,0.5322106644225121,2.5743907334391274
cw,6.0,0.4154258333333332,0.1067108333333333,0.368209110062917,2.3795537842814127
cw,10.0,0.4950866666666666,0.195855,0.2174056412482262,1.6271356395022074
barrage,-10.0,0.0057575,0.0071141666666666,2.839296270345052,2.774523921813965
barrage,-6.0,0.0089908333333333,0.01079,2.7984119544474284,2.728973929239909
barrage,-2.0,0.0223866666666666,0.0261975,2.649595141398112,2.548941423288981
barrage,2.0,0.0803125,0.0877341666666666,2.1584377964274086,1.9919299238586423
barrage,6.0,0.2361741666666666,0.2295158333333333,1.2913201117451985,1.0597864471944172
barrage,10.0,0.3836533333333333,0.3761525,0.6289092315165201,0.375435457204183
partial_band,-10.0,0.0092575,0.0079991666666666,2.8149603424072263,2.762684320678712
partial_band,-6.0,0.0446733333333333,0.0162741666666666,2.581687528584798,2.666916173502604
partial_band,-2.0,0.2363849999999999,0.0353583333333333,1.5268315184911092,2.4700054508463545
partial_band,2.0,0.4428466666666667,0.0510733333333333,0.388463640645345,2.335452879333496
partial_band,6.0,0.4935416666666666,0.1940274999999999,0.0886974412171045,1.7778698506418862
partial_band,10.0,0.4988216666666666,0.3346625,0.0251338084296385,1.1100538612143198
