n_sym,n_err,ber,mse_tau,mse_fd,corr_tau,margin_mean,attn_entropy,attn_maxw,conv1_energy,conv1_cos,conv2_energy,conv2_cos,qkv_attention_energy,qkv_attention_cos,shared_gap_energy,shared_gap_cos,pool_projection_energy,pool_projection_cos,sensing_delay_profile_energy,sensing_delay_profile_cos,sensing_features_energy,sensing_features_cos,arch,jammer,jsr_db,realization
240000,2341,0.0097541666666666,24.808579841144,0.0,0.6974029511383423,2.74209592997233,4.464826934014152,0.041496143371582,0.021548816687862,0.9989095123608908,0.0623094691177209,0.995007363319397,0.3799157405376434,0.963708240032196,0.2698448704878489,0.963708240032196,0.5177644859313965,0.94958562151591,0.0164194309403498,0.9842071652412414,0.4734261270682017,0.9780667861302692,qkv,cw,-10.0,0
240000,1834,0.0076416666666666,24.63226494506963,0.0,0.6998039291332694,2.7618373697916665,4.465133954023182,0.041165093943278,0.0213943750023841,0.9992531754175822,0.0622104002177715,0.9966480258305868,0.371208424949646,0.9754767071406046,0.2683078179836273,0.9754767071406046,0.5261314942677816,0.9647544949849448,0.0162857590948541,0.9866627122561136,0.4685532750606537,0.9835541421572368,qkv,cw,-10.0,1
240000,1469,0.0061208333333333,24.61582143785052,0.0,0.6991896391259587,2.786232706197103,4.469872631203407,0.040317322982788,0.021293569278717,0.9996007715861004,0.062004954389731,0.9975074944496156,0.3702116251945496,0.985097620010376,0.2695676601727803,0.985097620010376,0.5626851541201273,0.9845225257873536,0.0164178581222891,0.9834275582631428,0.4797303119341532,0.99030424340566,qkv,cw,-10.0,2
240000,1883,0.0078458333333333,24.85239209680327,0.0,0.6957988892810835,2.752430342610677,4.469421058352598,0.0406514881490071,0.0213158678968747,0.999644454161326,0.062688369021813,0.9972784911791484,0.36991329814593,0.9764949235916136,0.2661306995868683,0.9764949235916136,0.554173103872935,0.9757625036239624,0.0168545847107966,0.977042134920756,0.4856372690836588,0.9849618385632832,qkv,cw,-10.0,3
240000,1868,0.0077833333333333,24.67101232646784,0.0,0.6987431731283604,2.7549424072265625,4.469982279265352,0.0403582420349121,0.0214274532794952,0.9993668314615886,0.062745884980758,0.9977953693072,0.3549074998855591,0.9867643966674804,0.2514624493598938,0.9867643966674804,0.4873423954327901,0.9849955382347106,0.0164727947751681,0.9837304255167644,0.4635359463214874,0.9888720310529072,qkv,cw,-10.0,4
240000,4990,0.0207916666666666,25.401682325223074,0.0,0.689658866203374,2.667933066813151,4.455637336272507,0.0429240495707194,0.0236703927497069,0.9954619859059652,0.0689823879917462,0.9793863080342612,0.4112575759728749,0.8598083871205647,0.2902862661361694,0.8598083871205647,0.5222340401649475,0.7471248255570729,0.0173660940965016,0.9643198146820068,0.490562843577067,0.9254820869763692,qkv,cw,-6.0,0
240000,3053,0.0127208333333333,25.01863559877038,0.0,0.6951642964515162,2.700600348409017,4.456896824693689,0.0421249836883544,0.0232820583005746,0.9966936508814492,0.0685737925628821,0.9857227908770244,0.3896966280937194,0.900119564374288,0.2825379647572835,0.900119564374288,0.5085048041661581,0.8378713277180989,0.0170611201316118,0.9695164141654968,0.4745813553333282,0.9443910978635152,qkv,cw,-6.0,1
240000,1783,0.0074291666666666,25.267130866279945,0.0,0.6911784599914816,2.758060594177246,4.464813081065451,0.0409365953521728,0.0230150086045265,0.998269056002299,0.0678491251866022,0.9895587390263876,0.378626270866394,0.9447116731007894,0.2746868906497955,0.9447116731007894,0.5508917416572571,0.9497562731107076,0.017388021749258,0.9617699847221376,0.4879010424931844,0.9705705429712932,qkv,cw,-6.0,2
240000,2730,0.011375,25.605819810518557,0.0,0.685222855601243,2.6414947809855143,4.465063283710896,0.0411869710286458,0.0230789430956045,0.9985924073855084,0.0696105033119519,0.9891948817571004,0.3881339820226033,0.90370592101415,0.2787671275138855,0.90370592101415,0.5681940400759379,0.9221489957173664,0.0184843182981014,0.9480968793233236,0.51202161693573,0.9518905285199484,qkv,cw,-6.0,3
240000,3437,0.0143208333333333,25.176979348111523,0.0,0.6926776944416085,2.6467103200276694,4.465137322213511,0.040854158126831,0.0233638809978961,0.9973727138837178,0.0699060315171877,0.9910721395810446,0.3459307347138722,0.9352970919609068,0.2372726688702901,0.9352970919609068,0.403158661588033,0.9198769852320352,0.0175287814547618,0.9625471979777018,0.4571920224348704,0.95475283797582,qkv,cw,-6.0,4
240000,5901,0.0245875,26.672701793302345,0.0,0.6755031469971797,2.6068001495361326,4.43829966489165,0.0454062114105224,0.0289570840527613,0.9836720779736836,0.0865387706796328,0.9338754700024924,0.5552639579455058,0.5975834013621012,0.4104341575781504,0.5975834013621012,0.6700003126462301,0.55369699939092,0.0197280212531487,0.9267249070803324,0.587341516272227,0.830237165927887,qkv,cw,-2.0,0
240000,3424,0.0142666666666666,25.69478584179928,0.0,0.6837068896843405,2.645705689493815,4.440075087477885,0.0438551765238444,0.0279624585787455,0.9870930930773416,0.0848875818451245,0.9514706406593324,0.5001724225044251,0.6950632608731587,0.380089383761088,0.6950632608731587,0.5899749485333761,0.6323157301743825,0.0190107674400011,0.9358879446983336,0.5434720226923625,0.8559831600189209,qkv,cw,-2.0,1
240000,2730,0.011375,27.558942842333007,0.0,0.6680831047487267,2.683480825805664,4.453133811628769,0.0423498708597819,0.0272473380357027,0.992910636583964,0.0823816989262898,0.963685717900594,0.4390049187024434,0.8216935969988505,0.3235481315612793,0.8216935969988505,0.5771883138020834,0.8709113272031148,0.0198241150945425,0.91881378809611,0.5338122968355815,0.9206321458816528,qkv,cw,-2.0,2
240000,3340,0.0139166666666666,26.50067388020048,0.0,0.6704554866185808,2.547987114969889,4.455023628289128,0.0423638192901611,0.0274321258127689,0.9944505496025086,0.086868270877997,0.9646221345265706,0.5039353546142578,0.6889729353586833,0.379208190425237,0.6889729353586833,0.7392240115801494,0.7971698188781738,0.0225767607182264,0.8942417647043864,0.6287666894594828,0.8646580780347188,qkv,cw,-2.0,3
240000,5506,0.0229416666666666,26.293014575214404,0.0,0.68128457219916,2.434010863749186,4.452182281352271,0.0422693753356933,0.0281638838519652,0.9897705195744833,0.0882705436944961,0.970156751314799,0.3995314409891764,0.7074866724014283,0.2737374452590942,0.7074866724014283,0.4093737322171529,0.6777902272542318,0.0201820705016454,0.9206596819559733,0.5209463333129882,0.845737939675649,qkv,cw,-2.0,4
240000,5181,0.0215875,31.31956712351619,0.0,0.6533349622773523,2.593925599161784,4.403950201364094,0.049979346516927,0.0420041058679421,0.9551698061625162,0.132025496272246,0.8553477781613668,1.0440045696258544,0.31553131767114,0.838382333723704,0.31553131767114,1.1181790459314982,0.4930447623729705,0.0256355825434128,0.8669632156689961,0.8926668565750122,0.7016530303955079,qkv,cw,2.0,0
240000,2869,0.0119541666666666,27.37283458414227,0.0,0.6585580912072764,2.700364042154948,4.402209612934069,0.04758432619222,0.0394403838634491,0.9613709802627564,0.1263706167697906,0.8862366676330566,0.9030878960609436,0.4375147280693054,0.7420423322041829,0.4375147280693054,0.903847038523356,0.5321997601985932,0.0239112743914127,0.879607010046641,0.790727758916219,0.7274135480721792,qkv,cw,2.0,1
240000,4284,0.01785,32.58487409604622,0.0,0.6236230308192425,2.57354074605306,4.426007569885838,0.0452973958129882,0.037509592795372,0.977134891351064,0.1183295087218284,0.9102778040568034,0.6776368671735128,0.6035040222803751,0.526315643119812,0.6035040222803751,0.7214783175150553,0.7444147012233734,0.0259419621715943,0.8473472963968913,0.6971756511052449,0.8238819640477498,qkv,cw,2.0,2
240000,3913,0.0163041666666666,29.147825710204863,0.0,0.6317208487896859,2.6574221923828123,4.427026190074945,0.0458111204630533,0.0380264247695604,0.982070211728414,0.1292329165538152,0.9181466641426086,0.9458403413454692,0.4090041394233704,0.7722446517944336,0.4090041394233704,1.4502321050008138,0.6228441548347473,0.0328545094748338,0.8122601857185364,1.031084820175171,0.7144180676937103,qkv,cw,2.0,3
240000,5694,0.023725,27.53979504457855,0.0,0.6581239623968883,2.346701087443034,4.419799683442585,0.0457085323232014,0.0399311015069484,0.9687146368026732,0.1350806826035181,0.9301805400848387,0.7665545322100321,0.3239399614334106,0.5772407589276631,0.3239399614334106,0.953740065574646,0.4223707519372304,0.026848050764203,0.8509354661305746,0.902658327738444,0.6777087024052938,qkv,cw,2.0,4
240000,15882,0.066175,41.279230374436345,0.0,0.6027454148761526,2.157178907775879,4.32060729184985,0.0620977038981119,0.0738675767739613,0.911419089158376,0.2467324132760366,0.7776317615509033,2.361011242294312,0.1465175597469012,1.9432267028172807,0.1465175597469012,2.1351115589141845,0.4328620936870574,0.0404345573047796,0.7865387152036031,1.6889893122990929,0.6016553853352865,qkv,cw,6.0,0
240000,3766,0.0156916666666666,30.847606914572637,0.0,0.6179052279333443,2.866645381673177,4.312060429966714,0.0560939862263997,0.0673194620807965,0.9175643442471824,0.2296840995152791,0.8142407552401225,2.013889315541585,0.2504869001706441,1.7189114899317424,0.2504869001706441,1.6724346754074098,0.4361383446057637,0.0362258863647778,0.800102972984314,1.454488496208191,0.6049767240683238,qkv,cw,6.0,1
240000,4453,0.0185541666666666,37.55141481716265,0.0,0.5585085561297771,2.485105972544352,4.360176028071173,0.0515923823140462,0.0621336504757404,0.9473971358935038,0.2063255649487177,0.8456752316157023,1.3629698259353638,0.3894634953339894,1.0972919876734415,0.3894634953339894,1.146386574045817,0.5686613477071126,0.0413071713248888,0.7505934448242187,1.1737799434026082,0.6941502275466919,qkv,cw,6.0,2
240000,6444,0.02685,35.60240111125057,0.0,0.5377002632052535,2.6674658411661785,4.343942947166191,0.0558909202677408,0.0634447396377722,0.9585805397033692,0.2313232212543487,0.86625723584493,2.218202392959595,0.2296629826227824,1.877310886700948,0.2296629826227824,3.674218243281047,0.4780444453557332,0.0586678738236427,0.7111007257302602,2.197944158172608,0.5784615437189738,qkv,cw,6.0,3
240000,97508,0.4062833333333333,32.49488946424902,0.0,0.5841170407545276,1.7213728182474772,4.345774818305475,0.0528944061381022,0.0684836258689562,0.9326665859222412,0.2518242994149526,0.8853282589912415,2.1387110244750978,0.0895499886373678,1.7180766220092774,0.0895499886373678,3.3950364908854165,0.2585099936723709,0.0435941716154416,0.7560522643725077,2.356430988693237,0.52457617243131,qkv,cw,6.0,4
240000,58176,0.2424,75.67572053824853,0.0,0.5226066843527538,1.498911030069987,4.1088170550716745,0.0885579024454752,0.1514392721494039,0.867680760383606,0.5308886619567871,0.7271138666470846,5.407012741851807,0.0541077884932359,4.0394617965698245,0.0541077884932359,3.734285929234823,0.3655816378593445,0.0775442709008852,0.6932655695279439,3.5814865589141847,0.5732319166660309,qkv,cw,10.0,0
240000,10581,0.0440875,37.52086014981004,0.0,0.5446906995187257,2.600016612752279,4.115073721516459,0.0727055457661946,0.1349226676066716,0.8688698490460713,0.4831199392477671,0.7618357303937277,4.657122706095378,0.1353433429201444,3.898114506022136,0.1353433429201444,2.997851578903198,0.3318636984030406,0.067166868174076,0.7047524827321371,2.945856472015381,0.5406170105139414,qkv,cw,10.0,1
240000,22859,0.0952458333333333,37.9765074356025,0.0,0.488676581345059,1.5360358205159506,4.2118148547559855,0.063856843363444,0.1212409345706303,0.9111763083140056,0.4206005445162455,0.7956198383967081,2.9507337029774985,0.2454964996774991,2.306527618789673,0.2454964996774991,2.033119395192464,0.386543018579483,0.0798994591832161,0.644177459081014,2.404707735951741,0.5995354944864909,qkv,cw,10.0,2
240000,23411,0.0975458333333333,64.48889212164396,0.0,0.4025412484766009,1.868693230946859,4.138007611692933,0.076610749440511,0.1242932336449623,0.930166047414144,0.4766082051595052,0.8272384044329325,5.398255178833008,0.1399590925226609,4.516030788421631,0.1399590925226609,9.366394261169434,0.3846959838867188,0.123503087178866,0.6079402216275533,5.198200517781576,0.5090368954340617,qkv,cw,10.0,3
240000,119999,0.4999958333333333,53.73336980502237,0.0,0.4469076917919429,0.6320215032259623,4.168186602639572,0.0695872695210774,0.1376286560455958,0.894036054611206,0.5381177436828614,0.8510552349090577,6.160722240702311,-0.0204465325921773,4.937565767161051,-0.0204465325921773,10.15905344289144,0.1975403702259063,0.0856615916053454,0.6504375626246135,6.607011596679688,0.4619423752625783,qkv,cw,10.0,4
240000,1720,0.0071666666666666,24.726681004142403,0.0,0.6974081055333935,2.774037990315755,4.467346439566417,0.0410316432545979,0.0214748471011718,0.9991614027023316,0.0625494805137316,0.9982214231491088,0.3623245778401692,0.987768443743388,0.2564261171976725,0.987768443743388,0.5156419038772583,0.9891001574198404,0.0164719145754973,0.9829502067565918,0.4761873231887817,0.9899800448417664,qkv,barrage,-10.0,0
240000,1749,0.0072875,24.74274059537808,0.0,0.6971716601241774,2.774241884358724,4.467332715592658,0.0410392683156331,0.0214732101122538,0.9991733509699504,0.0625429810941219,0.9982149236996968,0.3623843172550201,0.9877177290916442,0.2565002126375834,0.9877177290916442,0.5158970044136048,0.989378537495931,0.0164691975141565,0.9828594346046448,0.4762691453615824,0.9897506244977315,qkv,barrage,-10.0,1
240000,1687,0.0070291666666666,24.722536309276247,0.0,0.6974709219811679,2.7750371587117515,4.467335892951525,0.0410415282745361,0.0214764089037974,0.999156618277232,0.0625581642607847,0.998198251247406,0.3623953639189402,0.9879657004674276,0.2564975148359934,0.9879657004674276,0.5158782293637594,0.9898738250732422,0.0164739088470737,0.9828942362467448,0.4762903200308482,0.989859986782074,qkv,barrage,-10.0,2
240000,1688,0.0070333333333333,24.691970237966785,0.0,0.6979242174354936,2.7746925821940103,4.467318800142354,0.041043820836385,0.021473714919885,0.999149480819702,0.0625491298357645,0.9982064973513284,0.3623398233731588,0.9876927523612976,0.2564436874389648,0.9876927523612976,0.5157904240290324,0.9888282885551452,0.0164756855055689,0.9829861288070678,0.4762078372478485,0.99000395154953,qkv,barrage,-10.0,3
240000,1693,0.0070541666666666,24.73343602133737,0.0,0.6973084625032412,2.774609993489584,4.467344558906191,0.0410359382781982,0.0214742083112398,0.9991644034385682,0.0625481687347094,0.998231261730194,0.362271770620346,0.9880552484194438,0.2563891820589701,0.9880552484194438,0.5156373367627461,0.9898317082722982,0.0164727831790844,0.982747479279836,0.4761706082185109,0.9899090474446616,qkv,barrage,-10.0,4
240000,2593,0.0108041666666666,25.230648349514027,0.0,0.6898747211907442,2.728375197855632,4.459083493013327,0.0423674035085042,0.0234779022077719,0.9975415239334108,0.0692608763714631,0.9946707673072815,0.3518183802763621,0.9642034436861674,0.2381869537512461,0.9642034436861674,0.4337262316068013,0.965928911526998,0.0175237397809823,0.9594676275253295,0.4748836563110351,0.971531180858612,qkv,barrage,-6.0,0
240000,2647,0.0110291666666666,25.23818860608736,0.0,0.6897671067327334,2.7291103602091478,4.459067126570681,0.0423776100616455,0.0234753478735685,0.9975728047688802,0.0692505109786987,0.9946563148498536,0.3518593629360199,0.9638329095840454,0.238244337495168,0.9638329095840454,0.4339371787071228,0.9663902289072672,0.0175190145621697,0.9592007888158164,0.4749318843364715,0.9707435396512348,qkv,barrage,-6.0,1
240000,2577,0.0107375,25.21763640650372,0.0,0.6900732058197974,2.729420277913412,4.459058964610203,0.0423842630310058,0.0234804063290357,0.997529435157776,0.0692746763308843,0.9946120920181274,0.3519414029280344,0.9644844954808554,0.2383077862739563,0.9644844954808554,0.4340886997858683,0.9668512857755024,0.0175264165361722,0.959259105205536,0.4750316153685252,0.9710428245862324,qkv,barrage,-6.0,2
240000,2542,0.0105916666666666,25.17394824801889,0.0,0.6907272461526609,2.7289804194132485,4.459034313196697,0.0423871368306477,0.0234761156280835,0.9975170965194702,0.0692605284710725,0.9946416549682616,0.3517973606586456,0.9640361196200052,0.2381648884296417,0.9640361196200052,0.4338122560183207,0.964860959370931,0.0175287268360455,0.9595291878382364,0.4748694064140319,0.9717396914164226,qkv,barrage,-6.0,3
240000,2589,0.0107875,25.23115232619997,0.0,0.6898681932308389,2.7289833908081054,4.459071243428749,0.0423787375640869,0.0234769043068091,0.9975469522476196,0.0692587988177935,0.9946918506622314,0.3517591536045074,0.9649245014190674,0.2381536773840586,0.9649245014190674,0.433801216729482,0.9679465854962668,0.0175250812937815,0.9590130953788756,0.4748914450804392,0.9711280059814452,qkv,barrage,-6.0,4
240000,6293,0.0262208333333333,26.19079668367936,0.0,0.6753309299950404,2.548220645650228,4.438462035777225,0.0456271935424804,0.0284225783089796,0.9929259166717528,0.0859287782867749,0.9852070914904276,0.3532733861923218,0.8843262103398641,0.2197402778069178,0.8843262103398641,0.3182925801436106,0.8808282535870869,0.0201649197936058,0.9095037190119424,0.5038958653450012,0.920810648918152,qkv,barrage,-2.0,0
240000,6223,0.0259291666666666,26.185738340815625,0.0,0.6754193141172362,2.548979400634765,4.438447448608207,0.0456339385121663,0.028418697403868,0.9929907251993816,0.0859131081024805,0.9851828234990436,0.353226650985082,0.8813537462552389,0.2197065465847651,0.8813537462552389,0.3182210174560547,0.8796416567166646,0.0201563789914051,0.9087953248023988,0.5038499654610952,0.919040499051412,qkv,barrage,-2.0,1
240000,6340,0.0264166666666666,26.16192394888905,0.0,0.6757820672455701,2.5496687705993653,4.438422690746343,0.0456447837168375,0.0284265593816836,0.992899470170339,0.0859496599157651,0.9850936473210652,0.3534178296724955,0.8831069138844808,0.2198850379705429,0.8831069138844808,0.3185899396101633,0.8791975727081299,0.0201679468592007,0.9088306393623352,0.5040154537359873,0.9194077285130818,qkv,barrage,-2.0,2
240000,6253,0.0260541666666666,26.09818223599581,0.0,0.6767520610989369,2.549379508972168,4.438389324971769,0.0456472791697184,0.0284197825819253,0.9928761512438457,0.0859275204022725,0.9851643131573996,0.3531917197863261,0.8837644891738892,0.219647725145022,0.8837644891738892,0.3182199515819549,0.8791395018895467,0.0201703381369511,0.9097353154818216,0.5038485624631246,0.9216727441151936,qkv,barrage,-2.0,3
240000,6328,0.0263666666666666,26.190732484778174,0.0,0.6753364063130204,2.548458790588379,4.438419047023995,0.0456508170013427,0.0284210340688625,0.9929375472068788,0.0859252066453298,0.9852701454162598,0.3532367567698161,0.8846782201131185,0.219730974761645,0.8846782201131185,0.3184895335038503,0.882381786664327,0.0201669576843579,0.9087491323153178,0.5040049071947733,0.9201156921386718,qkv,barrage,-2.0,4
240000,21149,0.0881208333333333,27.885204108449773,0.0,0.6488032216379463,1.990956957244873,4.38614686132216,0.0534471850585937,0.0404819249848524,0.9823453350067138,0.1268251965562502,0.9670469479560851,0.4395791640281677,0.6576026408672333,0.248157795993487,0.6576026408672333,0.2225112337748209,0.7014313691457112,0.0267978599290053,0.8203160312970479,0.6621866673787435,0.8302845452626546,qkv,barrage,2.0,0
240000,21135,0.0880625,27.87224153512296,0.0,0.6490204312470486,1.991042567443848,4.386121173773184,0.0534565866800944,0.0404764813323815,0.982462146282196,0.1268026418447494,0.9670434589385988,0.4395037532329559,0.6495863108634948,0.2480785742998123,0.6495863108634948,0.222286923011144,0.6930029416879018,0.0267816820998986,0.8185966626803081,0.662173311360677,0.8291605310440063,qkv,barrage,2.0,1
240000,20860,0.0869166666666666,27.867819729558185,0.0,0.6490955644397852,1.9948319646199544,4.386089670158071,0.0534648579050699,0.0404883937577406,0.9822931563059488,0.1268577544609705,0.9669143644968669,0.4398229643821716,0.6520441451867421,0.2483658985773722,0.6520441451867421,0.2226924988905588,0.6899258206685384,0.0267996053298314,0.8184760580062866,0.6623028495152792,0.8292145838737488,qkv,barrage,2.0,2
240000,21086,0.0878583333333333,27.809971413578264,0.0,0.6500184534460431,1.9927833455403643,4.38602419786432,0.0534758376057942,0.040477840210994,0.982259020169576,0.1268235476613044,0.9669614486694336,0.4395944701830546,0.6589010807673137,0.2481069287618001,0.6589010807673137,0.2224900890906651,0.6966229203542074,0.0268002047240734,0.8208636837005615,0.6622789225260417,0.831971316019694,qkv,barrage,2.0,3
240000,21051,0.0877125,27.853507316489456,0.0,0.6493099057578445,1.9900347844441733,4.386032401787711,0.053490018681844,0.0404798776626586,0.9823822464942932,0.1268197218259175,0.96719770971934,0.4396593488534291,0.6576710578600565,0.2482387664794922,0.6576710578600565,0.2227485389073689,0.6983861033121744,0.0268008682529131,0.8193903511365255,0.6624749530156453,0.8311284489631653,qkv,barrage,2.0,4
240000,55014,0.229225,33.6562248137236,0.0,0.5517646595545125,1.0597252104441326,4.2528886005235815,0.0706891689046224,0.0696364257176717,0.965120943069458,0.2263341069221496,0.9438014453252156,0.878415494632721,0.3421340091427167,0.4825204303582509,0.3421340091427167,0.2138893208583196,0.4619505876302719,0.0434568281392256,0.6980407741069794,1.2721574286142985,0.7323026571273804,qkv,barrage,6.0,0
240000,55229,0.2301208333333333,33.63807588531541,0.0,0.5521023363590617,1.0576349934895832,4.252818024098432,0.0707116124267578,0.0696300424575805,0.9653177998860676,0.226304945953687,0.9438456274668376,0.8786636518160502,0.3363437646627426,0.4826939907868703,0.3363437646627426,0.2141288801908493,0.4577990884780883,0.0434245522240797,0.6950020206769307,1.272832032585144,0.7333490626017253,qkv,barrage,6.0,1
240000,54942,0.228925,33.68690264856098,0.0,0.5513801471860879,1.0619933696746826,4.252792845643079,0.0707183783772786,0.0696474369883537,0.9650470638275146,0.2263919556935628,0.9436752471923828,0.878957193851471,0.3366323853731155,0.4828148193836212,0.3366323853731155,0.2140651958624521,0.4516501941680908,0.0434519273598988,0.6948076279163361,1.2726662956237793,0.7328607629140218,qkv,barrage,6.0,2
240000,55029,0.2292875,33.50128066683683,0.0,0.554539683600103,1.0608395548502605,4.252703756669464,0.0707324989013672,0.0696310994823773,0.9650215269724528,0.2263341788768768,0.9436600370407104,0.8790635138829549,0.3454277027845382,0.4829294135252635,0.3454277027845382,0.2143152629534403,0.4604041238625844,0.0434448628803094,0.698924231449763,1.2730101196924846,0.7348269571463267,qkv,barrage,6.0,3
240000,55205,0.2300208333333333,33.65719311479495,0.0,0.5516622789369258,1.0587391075134278,4.252650357686166,0.0707556335856119,0.0696346121470133,0.9652136704126992,0.2263300769964853,0.9440138575236002,0.8790544554710388,0.3455290686488151,0.4829554800828298,0.3455290686488151,0.2141398428599039,0.4684621313412984,0.0434610396087169,0.697482439438502,1.2732382828394573,0.7346470572153727,qkv,barrage,6.0,4
240000,90414,0.376725,48.45874012471957,0.0,0.3181948343218212,0.3748523598988851,3.937037208820293,0.1007842866414388,0.1401286891142527,0.9453600260416668,0.4686698100248972,0.9224966808954874,2.6609030255635577,0.126297111476461,1.4222629872639974,0.126297111476461,0.4410045059363047,0.2663269092241923,0.0852987388292948,0.573848422050476,3.593545706431071,0.6670082378387451,qkv,barrage,10.0,0
240000,90337,0.3764041666666666,48.37938898917981,0.0,0.3190661921390361,0.3736113059997558,3.936787745537752,0.1008274285990397,0.1401240590333938,0.945660271803538,0.4686372331778208,0.9226379310290018,2.66285379969279,0.12645670037282,1.4237523279825846,0.12645670037282,0.4423368241469065,0.2690273906787236,0.0852309157331784,0.569877372264862,3.5971925998687744,0.6683130435148875,qkv,barrage,10.0,1
240000,90071,0.3752958333333333,48.50039861356142,0.0,0.3172202653116345,0.3769774980545043,3.936890022347612,0.1008303087463378,0.1401483197291692,0.9453057009379068,0.468773832209905,0.9224041339556376,2.662384744389852,0.1257376441098749,1.4225294977823892,0.1257376441098749,0.4409962046146393,0.2631029042402903,0.0852717126329739,0.569864418665568,3.596447953923543,0.6674676041603088,qkv,barrage,10.0,2
240000,90047,0.3751958333333333,48.12938268576798,0.0,0.323801065275801,0.3763033316294352,3.936724209614108,0.1008514411417643,0.1401229581435521,0.9453030656178792,0.4686781019369761,0.9223333678245544,2.664132207743327,0.1294575282037258,1.4245749791463216,0.1294575282037258,0.4418095857620239,0.2680353795289993,0.0852403853615125,0.5748535749912262,3.596880860900879,0.6683899105389913,qkv,barrage,10.0,3
240000,90514,0.3771416666666666,48.53660822916701,0.0,0.315721868296838,0.3754327904383341,3.936658225462799,0.1008499555155436,0.1401294912338256,0.9455184996922812,0.4686767337004344,0.9226899728775024,2.663602269744873,0.130225920078655,1.4238357562383015,0.130225920078655,0.4411539953390757,0.2712294966181119,0.0853040156761805,0.5741246002515157,3.59820329246521,0.6684098889827729,qkv,barrage,10.0,4
240000,1581,0.0065875,24.62728735126106,0.0,0.6989379918448758,2.774279797871908,4.4667808980296,0.0411027470652262,0.0213582129259904,0.9994833127657572,0.0621546611845493,0.9977599657376608,0.3712516195297241,0.9826332330703736,0.2669177580038706,0.9826332330703736,0.5399347049077352,0.9790671536127726,0.0163499285096923,0.9850629796981812,0.4774109584967295,0.98787948401769,qkv,partial_band,-10.0,0
240000,1804,0.0075166666666666,24.743059460170837,0.0,0.6972087830090573,2.7644412658691406,4.468578771858329,0.0407782907714843,0.0213250544736782,0.999651475906372,0.0624429384469985,0.998156438032786,0.3667239849249522,0.9839997536341348,0.2618668117682139,0.9839997536341348,0.5368690039634705,0.9829808479944864,0.0166023487190405,0.9806840205192566,0.4813375126838684,0.988107305208842,qkv,partial_band,-10.0,1
240000,2295,0.0095625,24.75219141950806,0.0,0.6970915919580791,2.746011239115397,4.468982792624455,0.0407447041676839,0.0214614923129479,0.9993655835787456,0.0631194062451521,0.9977652096748352,0.3566973008473714,0.9835502619743348,0.2509100341161092,0.9835502619743348,0.4526412943840027,0.9841258058547974,0.0166145564918716,0.9807311822573344,0.4639288959026336,0.9844200990994773,qkv,partial_band,-10.0,2
240000,2190,0.009125,24.83900727692658,0.0,0.695906359290636,2.7560381439208985,4.467841295994551,0.040923382639567,0.0215349925686915,0.999545000076294,0.0630547114888827,0.9977037437756856,0.3635697222391764,0.9771113251050312,0.2567040312608083,0.9771113251050312,0.4430554251035054,0.975404417514801,0.0166119266817967,0.980570985476176,0.4705651587486267,0.9807873430252076,qkv,partial_band,-10.0,3
240000,1729,0.0072041666666666,24.680456104882776,0.0,0.6982025492877617,2.772651156616211,4.466642629790649,0.0412248833211263,0.021564980823795,0.999571233590444,0.0624271614332993,0.9977444467544556,0.3727605654875437,0.9777223984400432,0.266000076452891,0.9777223984400432,0.5922355699221293,0.979940369606018,0.0163591254512468,0.984934930006663,0.5046361216545105,0.986830496152242,qkv,partial_band,-10.0,4
240000,2308,0.0096166666666666,25.048556268399928,0.0,0.6927450560254528,2.729636584472656,4.458123443506782,0.0424575349782307,0.0231816878646612,0.997876354376475,0.0683382050275802,0.9913110448519388,0.3796827180385589,0.9370846185684204,0.269590906715393,0.9370846185684204,0.5092208159128825,0.9169485308329264,0.0172172411461671,0.964680427233378,0.4842504932880401,0.9618426632881164,qkv,partial_band,-6.0,0
240000,2803,0.0116791666666666,25.38868159843907,0.0,0.6879416969228466,2.690320436604818,4.462128619472147,0.0417452242635091,0.0230991373946269,0.998689753373464,0.0689845624566078,0.993236464182536,0.3716958134492238,0.9368532133102416,0.2602906177361806,0.9368532133102416,0.5072238080978394,0.9435645093917848,0.0178546636094649,0.954589255809784,0.4960669201532999,0.9628249260584514,qkv,partial_band,-6.0,1
240000,7013,0.0292208333333333,25.367283521899576,0.0,0.6879770614009313,2.5803396479288736,4.46235690436441,0.0418028735911051,0.0234435858050982,0.9975320711135864,0.0708611571232477,0.9917300650278728,0.3566004707972208,0.9233631129264832,0.2423828757762909,0.9233631129264832,0.3433549671649933,0.9118916656176248,0.0178815840999285,0.9548305738766988,0.4695595226764679,0.9391836897532144,qkv,partial_band,-6.0,2
240000,4877,0.0203208333333333,25.79935182157997,0.0,0.6834551396236438,2.6263251693725587,4.46038734741938,0.0420539860738118,0.0236214866071939,0.9982892128626506,0.0705779647688071,0.9913813457489014,0.3806161277135213,0.8942564373016357,0.2639806400458018,0.8942564373016357,0.337309205754598,0.881782851378123,0.0178768664826949,0.9543789637883504,0.4932131337483724,0.9279336546262106,qkv,partial_band,-6.0,3
240000,2528,0.0105333333333333,25.342259750657163,0.0,0.6890834070136392,2.7079590291341145,4.457624713506994,0.0427019916432698,0.0236879919071992,0.9983080062866212,0.0689728860418001,0.991586360613505,0.3899628905455271,0.9150553458531696,0.2736765593528747,0.9150553458531696,0.6226382718722026,0.9303376510938008,0.0172388689666986,0.9642998404502868,0.5490252855618795,0.9612748192151388,qkv,partial_band,-6.0,4
240000,3807,0.0158625,26.00097329683286,0.0,0.6786252996127927,2.642783084106445,4.437108482049288,0.0457635230967203,0.0276715821216503,0.992128311475118,0.0838785292228063,0.9717372776667276,0.4399400815010071,0.7976618995666503,0.3131595723946889,0.7976618995666503,0.5217742955207825,0.7561372979482015,0.0193948976238568,0.9218176612854004,0.5397934942881266,0.897671437104543,qkv,partial_band,-2.0,0
240000,4438,0.0184916666666666,26.49697703614492,0.0,0.6711992966387403,2.5345538917541504,4.445349303710369,0.0444077349497477,0.027459687996904,0.9952053429285684,0.0851896585981051,0.9789407830238342,0.4333006145000457,0.7792458271185557,0.3026232610543569,0.7792458271185557,0.5342500576337178,0.8394242658615112,0.021001373792688,0.9008186877568564,0.5756008575439453,0.8980873757998149,qkv,partial_band,-2.0,1
240000,20927,0.0871958333333333,26.39684548124139,0.0,0.6725585567960433,2.185483290100098,4.443675089984838,0.0448517987263997,0.028337141017119,0.9911534382502238,0.0905786973873774,0.9742679697672526,0.4400004790306091,0.6613357927004496,0.2999155142943064,0.6613357927004496,0.291069030046463,0.652174684047699,0.0210630612472693,0.9018530708948772,0.5750930016517639,0.8247738320827485,qkv,partial_band,-2.0,2
240000,9196,0.0383166666666666,27.61039954970198,0.0,0.6595273781236298,2.4490200609842936,4.441657185429306,0.0448360272420247,0.0287544942428668,0.9940322070121764,0.0894372587442398,0.972840334892273,0.5294582394282024,0.6036815778414408,0.3847625792980194,0.6036815778414408,0.2950316480477651,0.675305432955424,0.0210542032808065,0.9005623820622762,0.6496206554412842,0.8174864459037781,qkv,partial_band,-2.0,3
240000,4062,0.016925,26.931713819027664,0.0,0.6684414118565926,2.538186927286784,4.435648395496536,0.0460740310516357,0.0288839556107918,0.9939759980837504,0.0852471805373827,0.9736810434659322,0.4804748310407002,0.7423336693445841,0.3377708508173624,0.7423336693445841,0.7508348175366719,0.8023674190839132,0.0194468885968128,0.9208082002003988,0.688986086177826,0.899429280281067,qkv,partial_band,-2.0,4
240000,4949,0.0206208333333333,27.934252116437374,0.0,0.6504850160959579,2.4976645579020182,4.385228524390549,0.0537590763702392,0.038613294750452,0.9767415132522584,0.1225177108605702,0.9317879788080852,0.6891141442298889,0.5552296737829844,0.5084414252916972,0.5552296737829844,0.6724684029579162,0.5970239706039429,0.0248634424378474,0.8453912064234416,0.7527548319816589,0.7968790676593781,qkv,partial_band,2.0,0
240000,6680,0.0278333333333333,28.90360092499198,0.0,0.6339871110688566,2.4790502937316896,4.399576855515493,0.0520052548624674,0.0380468639731407,0.9854194251696268,0.1248382443428039,0.950635620911916,0.7188188820838928,0.4962102933724721,0.5204834850629171,0.4962102933724721,0.8173352770169576,0.6431373149553935,0.0289071967422962,0.8090273580551147,0.8839724125862122,0.7776063353220621,qkv,partial_band,2.0,1
240000,28632,0.1193,28.699054804897,0.0,0.6381014539375467,1.9373052569071447,4.393600790062338,0.0527219939422607,0.0403017609874407,0.9747213368415832,0.1402916410128275,0.940856852054596,0.9088753462473552,0.2496404241571823,0.6757291855812073,0.2496404241571823,0.5099543379783631,0.420046318769455,0.0290527445614337,0.8122057232856751,1.0546068885803224,0.688699541091919,qkv,partial_band,2.0,2
240000,10326,0.043025,29.4675325672736,0.0,0.6269373815864352,2.3984941047668458,4.393000434420991,0.0518970156148274,0.0412330965876579,0.9833252132733664,0.1362836902618408,0.9366635656356812,1.2431174652735393,0.2384887716223796,1.0054871641159058,0.2384887716223796,0.4519046394666036,0.5011631285349528,0.0290352365583181,0.8091924920082092,1.2655944196065267,0.6907586289246878,qkv,partial_band,2.0,3
240000,10701,0.0445875,30.164942396456148,0.0,0.6290152154023653,2.364750183359782,4.380953409321213,0.0538899812011718,0.0414401994864145,0.9830573404630024,0.1252401844422022,0.9381689918835958,0.8098906568527222,0.4937733569939931,0.584553266175588,0.4937733569939931,1.1665002717971802,0.6388538388411203,0.0249903360803922,0.8432328475316365,1.10907798538208,0.8048788689772288,qkv,partial_band,2.0,4
240000,8625,0.0359375,32.80825141055275,0.0,0.5736244742895205,2.0949675521850586,4.259221500004055,0.0708593186442057,0.065118653935194,0.948589925924937,0.2175498754819234,0.8801884654362997,1.5084774338404336,0.3235483598311742,1.1365148767471314,0.3235483598311742,1.1773123442967732,0.4851282239754995,0.0385974588155746,0.7369660445849101,1.4217334030151367,0.6935813278357188,qkv,partial_band,6.0,0
240000,30135,0.1255625,41.26809368323911,0.0,0.487419237202932,2.0550753107706705,4.278735973881639,0.0698259973653157,0.0635644766330719,0.9664672063191732,0.2210341117540995,0.9142722868919372,1.7411617956797285,0.2476542881528536,1.2818495860417685,0.2476542881528536,2.0506548114776613,0.4452353491385777,0.0487683322191238,0.6884326656659444,1.9631164241154988,0.6500174860954284,qkv,partial_band,6.0,1
240000,108175,0.4507291666666667,36.52402569979934,0.0,0.5106645084701656,0.6810982400258382,4.2696775502349285,0.0692908343098958,0.0693672126054763,0.9464155197143554,0.2638318800290425,0.900259399096171,2.822489199447632,0.0273188013931115,2.2163331161499022,0.0273188013931115,1.8598853580474852,0.2647239538033803,0.0491190275589625,0.6949158059755961,2.9582747979482016,0.568725921869278,qkv,partial_band,6.0,2
240000,54890,0.2287083333333333,40.91409553075174,0.0,0.5153078323792348,1.9829457321166992,4.267774511616246,0.0684324988199869,0.0713457907954851,0.9652153768539428,0.2516095372915268,0.8917295085589091,4.038200114949544,0.0464164387012521,3.4407611363728843,0.0464164387012521,1.4502359324773153,0.3007257766326268,0.0490825652559598,0.6897115960915884,3.5913203432718914,0.5730572379430136,qkv,partial_band,6.0,3
240000,31008,0.1292,34.41353741072748,0.0,0.5564475710030837,2.075262418111165,4.249326425939679,0.070268958231608,0.0716015411774317,0.9645614760716756,0.2227183407068252,0.8925018660227457,1.827203259340922,0.2857238195240497,1.3145435735702515,0.2857238195240497,2.2562949954986573,0.5007161049842834,0.0389103342970212,0.7333417960802714,2.3218561192830403,0.7193814608256022,qkv,partial_band,6.0,4
240000,27510,0.114625,50.54675358280497,0.0,0.374288006765046,1.3154950347900392,3.975811137781324,0.1005904923299153,0.1294146529754002,0.9135680570602416,0.4504089883645376,0.8357501519521078,3.963544197463989,0.1664401544108986,2.8492843817392983,0.1664401544108986,2.57942906888326,0.3629662890831629,0.0730920299768447,0.6174633762041728,3.444387149047852,0.6283721451759339,qkv,partial_band,10.0,0
240000,92569,0.3857041666666667,90.05961902633868,0.0,0.2567888881607736,1.31226116994222,3.9995295567655047,0.0998771604309082,0.1251680295387904,0.941566837310791,0.4546102554957072,0.8822051037152608,5.032259220886231,0.1005372251371542,3.5889821868896483,0.1005372251371542,6.203182905832927,0.3303400782346725,0.0986613807280858,0.5684002224604289,5.506264396158854,0.5774426172574361,qkv,partial_band,10.0,1
240000,119982,0.499925,66.67104211747369,0.0,0.272451443008383,-0.0464109111626942,3.982737795883305,0.0977424231363932,0.1399951348463694,0.9137123193740844,0.5684259696006775,0.866199364344279,9.860122002665202,-0.0646510449697574,7.713420554606119,-0.0646510449697574,7.566630929056803,0.1968277973333994,0.0995186639030774,0.5772194319566091,10.104817405700684,0.5087250584761301,qkv,partial_band,10.0,2
240000,118058,0.4919083333333333,65.1577029750761,0.0,0.3028460021518907,1.2072971234639485,3.9778390796448,0.0988505116780599,0.1441101957639058,0.944279242515564,0.5346983889261882,0.8534394030570984,13.888900490315756,-0.0381372143179178,11.647493032328288,-0.0381372143179178,5.743530619303385,0.1785701513290405,0.0994389858365058,0.57080402469635,11.999200266520182,0.5103985749085744,qkv,partial_band,10.0,3
240000,43476,0.18115,46.73491571278858,0.0,0.3838799255546362,1.761626889038086,3.971595463662868,0.0965840321350097,0.1442860234260559,0.94328031873703,0.4601182001431783,0.8524217321077983,4.754540971628825,0.1500376431668798,3.203237706375122,0.1500376431668798,4.669449089304607,0.3884925462404887,0.0738686375975608,0.6129402528603871,5.850674331410726,0.6708947010040284,qkv,partial_band,10.0,4
