jsr_db,ber,ber_std,ber_min,ber_max,mse_tau,mse_tau_std,mse_fd,mse_fd_std,n_realizations
-10.0,0.01596801320591273,0.0004842669205966211,0.015540509897950871,0.016871393178702006,22.87648663045947,0.05273907786273926,0.0,0.0,5
-8.0,0.017627860975817845,0.0006838827306122207,0.01701715334989509,0.018953251219540758,23.111934171649683,0.08801289941953781,0.0,0.0,5
-6.0,0.020493945440852472,0.0007312171374903757,0.019546462878323713,0.02169766055979821,23.24553525339781,0.1993050766936173,0.0,0.0,5
-4.0,0.026993980259053918,0.0009966129837624476,0.026005474661390738,0.02874761619106622,23.631542678807776,0.11201033590335617,0.0,0.0,5
-2.0,0.0380769946539559,0.0010718478339056359,0.03651855457975199,0.039855807325042306,23.97262202899129,0.2074815532580899,0.0,0.0,5
0.0,0.06177237473226273,0.0010083360200706004,0.06060037490883469,0.0632780329242252,22.73957576293676,0.4334554371785705,0.0,0.0,5
2.0,0.1104306940579262,0.002708336737305542,0.10570470730905998,0.11294721368661101,14.832830436783306,0.2540906538000858,0.0,0.0,5
4.0,0.18409412202380954,0.0031982657769816297,0.18010602678571427,0.18726748511904764,19.169040829870447,0.35903890630185337,0.0,0.0,5
6.0,0.2740978422619048,0.0060622760875731685,0.2662760416666667,0.2833891369047619,27.251733561143368,0.3750427297423126,0.0,0.0,5
8.0,0.35334821428571433,0.00787961885499726,0.3444010416666667,0.36569940476190477,38.773757931293105,0.5894285224368012,0.0,0.0,5
10.0,0.4147135416666667,0.007974467250663324,0.4050409226190476,0.4282924107142857,52.971064371031204,0.7172640268419991,0.0,0.0,5
