arch,channel_variant,channel_model,channel_fingerprint,hold_mode,pooled_ber,pooled_ber_ci_lo,pooled_ber_ci_hi,min_snr_at_target,corr_tau_top,mse_tau_top,n_symbols_total,diagnostics
conv1d,b_tdl_a,tdl_3gpp,21bf51e0,per_hop,0.3592588888888889,0.3582682673523206,0.3602507118674019,,0.0120781642106262,61.23468956031369,1400000,"{""band_spacing_hz"": 1250000.0, ""clutter_fading"": ""rayleigh"", ""clutter_power_fraction"": 0.25, ""dropped_power_fraction"": 3.883328304477018e-06, ""frequency_correlation_at_spacing"": 0.49127835435785233, ""los_tap_folded_into_direct_path"": 0.0, ""max_tap_delay_samples"": 33.0, ""mean_tap_power"": 0.08333333333333333, ""min_nonzero_tap_delay_samples"": 3.0000000000000004, ""n_taps_in_window"": 12.0, ""pdp_kind"": ""exponential"", ""profile"": ""TDL-A"", ""rms_delay_spread_ns"": 300.0, ""time_block_slots"": 53}"
qkv,b_tdl_a,tdl_3gpp,21bf51e0,per_hop,0.3560933333333333,0.3551046672324711,0.3570832278990278,,-0.0001405179599709,62.7269825997242,1400000,"{""band_spacing_hz"": 1250000.0, ""clutter_fading"": ""rayleigh"", ""clutter_power_fraction"": 0.25, ""dropped_power_fraction"": 3.883328304477018e-06, ""frequency_correlation_at_spacing"": 0.49127835435785233, ""los_tap_folded_into_direct_path"": 0.0, ""max_tap_delay_samples"": 33.0, ""mean_tap_power"": 0.08333333333333333, ""min_nonzero_tap_delay_samples"": 3.0000000000000004, ""n_taps_in_window"": 12.0, ""pdp_kind"": ""exponential"", ""profile"": ""TDL-A"", ""rms_delay_spread_ns"": 300.0, ""time_block_slots"": 53}"
conv1d,b_tdl_d,tdl_3gpp,2f24e3d5,per_hop,0.3483655555555555,0.3473818616619559,0.3493505438824616,,0.0103654469627397,60.44544995887122,1400000,"{""band_spacing_hz"": 1250000.0, ""clutter_fading"": ""rayleigh"", ""clutter_power_fraction"": 0.25, ""dropped_power_fraction"": 1.0556155880858675e-05, ""frequency_correlation_at_spacing"": 0.49127835435785233, ""los_tap_folded_into_direct_path"": 1.0, ""max_tap_delay_samples"": 33.0, ""mean_tap_power"": 0.09090909090909093, ""min_nonzero_tap_delay_samples"": 3.0000000000000004, ""n_taps_in_window"": 11.0, ""pdp_kind"": ""exponential"", ""profile"": ""TDL-D"", ""rms_delay_spread_ns"": 300.0, ""time_block_slots"": 53}"
qkv,b_tdl_d,tdl_3gpp,2f24e3d5,per_hop,0.3398,0.3388221508074332,0.3407792167460698,,0.0027756197102029,61.94889010612516,1400000,"{""band_spacing_hz"": 1250000.0, ""clutter_fading"": ""rayleigh"", ""clutter_power_fraction"": 0.25, ""dropped_power_fraction"": 1.0556155880858675e-05, ""frequency_correlation_at_spacing"": 0.49127835435785233, ""los_tap_folded_into_direct_path"": 1.0, ""max_tap_delay_samples"": 33.0, ""mean_tap_power"": 0.09090909090909093, ""min_nonzero_tap_delay_samples"": 3.0000000000000004, ""n_taps_in_window"": 11.0, ""pdp_kind"": ""exponential"", ""profile"": ""TDL-D"", ""rms_delay_spread_ns"": 300.0, ""time_block_slots"": 53}"
conv1d,b_tdl_d_light,tdl_3gpp,646a5649,per_hop,0.2994066666666666,0.298461307870331,0.3003537378357594,,0.0089276136076198,59.88159233260756,1400000,"{""band_spacing_hz"": 1250000.0, ""clutter_fading"": ""rayleigh"", ""clutter_power_fraction"": 0.05, ""dropped_power_fraction"": 1.0556155880858675e-05, ""frequency_correlation_at_spacing"": 0.49127835435785233, ""los_tap_folded_into_direct_path"": 1.0, ""max_tap_delay_samples"": 33.0, ""mean_tap_power"": 0.09090909090909093, ""min_nonzero_tap_delay_samples"": 3.0000000000000004, ""n_taps_in_window"": 11.0, ""pdp_kind"": ""exponential"", ""profile"": ""TDL-D"", ""rms_delay_spread_ns"": 300.0, ""time_block_slots"": 53}"
qkv,b_tdl_d_light,tdl_3gpp,646a5649,per_hop,0.2988388888888889,0.2978940471367943,0.2997854478605976,,0.0029850948987194,62.5006221200848,1400000,"{""band_spacing_hz"": 1250000.0, ""clutter_fading"": ""rayleigh"", ""clutter_power_fraction"": 0.05, ""dropped_power_fraction"": 1.0556155880858675e-05, ""frequency_correlation_at_spacing"": 0.49127835435785233, ""los_tap_folded_into_direct_path"": 1.0, ""max_tap_delay_samples"": 33.0, ""mean_tap_power"": 0.09090909090909093, ""min_nonzero_tap_delay_samples"": 3.0000000000000004, ""n_taps_in_window"": 11.0, ""pdp_kind"": ""exponential"", ""profile"": ""TDL-D"", ""rms_delay_spread_ns"": 300.0, ""time_block_slots"": 53}"
conv1d,c_two_ray_jakes,two_ray_jakes,a2f6cac0,per_hop,0.3007566666666666,0.2998100854532526,0.3017049487285105,,0.0106402301551977,60.587402175763714,1400000,"{""band_spacing_hz"": 1250000.0, ""doppler_hz"": 160.11076569511297, ""excess_delay_ns"": 166.782047599076, ""excess_delay_samples"": 1.6678204759907602, ""min_delay_samples"": 1.0, ""power_fraction"": 0.21777777777777774, ""power_fraction_derived"": 0.21777777777777774, ""slot_seconds"": 9.999999999999999e-06, ""time_block_slots"": 53}"
qkv,c_two_ray_jakes,two_ray_jakes,a2f6cac0,per_hop,0.29973,0.2987843475363279,0.3006773620762817,,-0.0007660283608684,62.850758000806245,1400000,"{""band_spacing_hz"": 1250000.0, ""doppler_hz"": 160.11076569511297, ""excess_delay_ns"": 166.782047599076, ""excess_delay_samples"": 1.6678204759907602, ""min_delay_samples"": 1.0, ""power_fraction"": 0.21777777777777774, ""power_fraction_derived"": 0.21777777777777774, ""slot_seconds"": 9.999999999999999e-06, ""time_block_slots"": 53}"
conv1d,nominal,aerial_multiecho,ecde5ce2,per_symbol,0.0024744444444444,0.0023739036571714,0.002579232377887,,0.5804646387027407,31.794934627206885,1400000,"{""model"": ""aerial_multiecho""}"
qkv,nominal,aerial_multiecho,ecde5ce2,per_symbol,0.0013144444444444,0.0012416893323201,0.0013914566051231,,0.538057004331218,34.05845259893936,1400000,"{""model"": ""aerial_multiecho""}"
