method,scenario,snr_db,n_symbols,n_errors,ber,ber_low,ber_high,gap_below_10pct
conv1d,k3_doppler_limited,-5.0,20000,2279,0.11395,0.1096202176257898,0.11842805341312856,False
qkv,k3_doppler_limited,-5.0,20000,2212,0.1106,0.10632785745737532,0.11502170022311896,False
lstm,k3_doppler_limited,-5.0,20000,2113,0.10565,0.10146534766389717,0.10998611117355253,False
mc_dlsk,k3_doppler_limited,-5.0,20000,2110,0.1055,0.10131804358901465,0.1098334728592519,False
dcsk,k3_doppler_limited,-5.0,20000,10122,0.5061,0.4991704904144704,0.513027166745645,False
matched_filter,k3_doppler_limited,-5.0,20000,9362,0.4681,0.4611913856266223,0.47502086627375717,False
energy_detector,k3_doppler_limited,-5.0,20000,10031,0.50155,0.49462088189990105,0.5084785227883252,False
conv1d,k3_doppler_limited,-1.0,20000,425,0.02125,0.01934131176698183,0.023342562756738346,False
qkv,k3_doppler_limited,-1.0,20000,373,0.01865,0.016865411648461913,0.020619461462750004,False
lstm,k3_doppler_limited,-1.0,20000,407,0.02035,0.018483311595342698,0.02240090859327847,False
mc_dlsk,k3_doppler_limited,-1.0,20000,405,0.02025,0.018388038420194076,0.022296220175638308,False
dcsk,k3_doppler_limited,-1.0,20000,10208,0.5104,0.5034706478178701,0.5173253578321628,False
matched_filter,k3_doppler_limited,-1.0,20000,9358,0.4679,0.46099160174268067,0.47482072697212124,False
energy_detector,k3_doppler_limited,-1.0,20000,10024,0.5012,0.49427093577698733,0.5081286033364779,False
conv1d,k3_doppler_limited,3.0,20000,110,0.0055,0.004565686858229053,0.006624236801258421,False
qkv,k3_doppler_limited,3.0,20000,90,0.0045,0.0036627763775949032,0.005527531354004781,False
lstm,k3_doppler_limited,3.0,20000,109,0.00545,0.00452031923317689,0.006569623629916195,False
mc_dlsk,k3_doppler_limited,3.0,20000,116,0.0058,0.004838326799496794,0.006951481638357017,False
dcsk,k3_doppler_limited,3.0,20000,10169,0.50845,0.5015205129198613,0.5153762416707904,False
matched_filter,k3_doppler_limited,3.0,20000,9199,0.45995,0.4530510965964026,0.4668642854916914,False
energy_detector,k3_doppler_limited,3.0,20000,9955,0.49775,0.49082164849161236,0.5046792156706401,False
conv1d,k3_doppler_limited,5.0,20000,81,0.00405,0.003259990674776548,0.0050304898892736295,False
qkv,k3_doppler_limited,5.0,20000,57,0.00285,0.0022005830784487227,0.0036903583721361066,False
lstm,k3_doppler_limited,5.0,20000,80,0.004,0.003215395243623016,0.004975104524032772,False
mc_dlsk,k3_doppler_limited,5.0,20000,100,0.005,0.004113011324666333,0.006077104370877246,False
dcsk,k3_doppler_limited,5.0,20000,10385,0.51925,0.5123225856390401,0.5261700209727997,False
matched_filter,k3_doppler_limited,5.0,20000,9111,0.45555,0.44865711139832726,0.46245996060706046,False
energy_detector,k3_doppler_limited,5.0,20000,9880,0.494,0.4870727972849161,0.5009295071477572,False
conv1d,k3_doppler_limited,9.0,20000,50,0.0025,0.001896955507205841,0.003294120368618261,False
qkv,k3_doppler_limited,9.0,20000,17,0.00085,0.0005307884848425495,0.001360921109966698,False
lstm,k3_doppler_limited,9.0,20000,39,0.00195,0.001426864289798028,0.00266442282568779,False
mc_dlsk,k3_doppler_limited,9.0,20000,53,0.00265,0.00202671224195328,0.003464306023053991,False
dcsk,k3_doppler_limited,9.0,20000,10294,0.5147,0.5077713179230011,0.5216230362169495,False
matched_filter,k3_doppler_limited,9.0,20000,9072,0.4536,0.44670995058941687,0.4605078703565897,False
energy_detector,k3_doppler_limited,9.0,20000,10046,0.5023,0.49537077787961276,0.5092283387545291,False
conv1d,k3_doppler_limited,13.0,20000,46,0.0023,0.0017249036260933654,0.0030662490641531785,False
qkv,k3_doppler_limited,13.0,20000,15,0.00075,0.00045458019085395195,0.0012371678111665165,False
lstm,k3_doppler_limited,13.0,20000,41,0.00205,0.0015115810586180745,0.0027796676496565226,False
mc_dlsk,k3_doppler_limited,13.0,20000,59,0.00295,0.0022878591743635745,0.003803043869010034,False
dcsk,k3_doppler_limited,13.0,20000,10216,0.5108,0.503870688520656,0.5177251635005323,False
matched_filter,k3_doppler_limited,13.0,20000,9035,0.45175,0.44486274285210464,0.45865578862730944,False
energy_detector,k3_doppler_limited,13.0,20000,10161,0.50805,0.5011204982785231,0.5149764099409735,False
conv1d,k3_doppler_limited,17.0,20000,38,0.0019,0.001384650063508281,0.002606656255583147,False
qkv,k3_doppler_limited,17.0,20000,12,0.0006,0.0003432700669267663,0.0010485355459105335,False
lstm,k3_doppler_limited,17.0,20000,42,0.0021,0.001554076741242182,0.0028371527634268043,False
mc_dlsk,k3_doppler_limited,17.0,20000,61,0.00305,0.002375347333783003,0.003915517302379385,False
dcsk,k3_doppler_limited,17.0,20000,10245,0.51225,0.5053208732621869,0.5191744218544384,False
matched_filter,k3_doppler_limited,17.0,20000,9111,0.45555,0.44865711139832726,0.46245996060706046,False
energy_detector,k3_doppler_limited,17.0,20000,10124,0.5062,0.4992704882538609,0.5131271304990433,False
conv1d,k3_doppler_limited,21.0,20000,29,0.00145,0.0010098155215314162,0.0020816636300105057,False
qkv,k3_doppler_limited,21.0,20000,11,0.00055,0.00030714858193327043,0.00098467623450964,False
lstm,k3_doppler_limited,21.0,20000,27,0.00135,0.0009280055236101935,0.00196351203514295,False
mc_dlsk,k3_doppler_limited,21.0,20000,46,0.0023,0.0017249036260933654,0.0030662490641531785,False
dcsk,k3_doppler_limited,21.0,20000,10223,0.51115,0.5042207277750821,0.5180749898208667,False
matched_filter,k3_doppler_limited,21.0,20000,9037,0.45185,0.44496258946101774,0.4587559036111851,False
energy_detector,k3_doppler_limited,21.0,20000,10086,0.5043,0.49737057669845985,0.5112277717914576,False
