n_sym,n_err,ber,mse_tau,mse_fd,corr_tau,margin_mean,attn_entropy,attn_maxw,conv1_energy,conv1_cos,conv2_energy,conv2_cos,qkv_attention_energy,qkv_attention_cos,shared_gap_energy,shared_gap_cos,pool_projection_energy,pool_projection_cos,sensing_delay_profile_energy,sensing_delay_profile_cos,sensing_features_energy,sensing_features_cos,arch,jammer,jsr_db,ber_std,ber_sem,ber_ci_lo,ber_ci_hi,ber_q05,ber_q95,margin_mean_std,realization,n_realizations
240000.0,1001.0,0.004170833333333334,23.40185615724173,0.0,0.7170239521426963,2.8607052780151365,4.491862425929387,0.0383290200398763,0.009300205145776272,1.0,0.02463339359263579,1.0,0.23482889855702718,1.0,0.19381706589857736,1.0,0.36636288623809815,1.0,0.015775209554036457,1.0,0.2440485900561015,1.0,qkv,clean,,,,,,,,,,
240000.0,2619.6,0.010915,24.47553793414155,0.0,0.7023619361596143,2.7993172505696617,4.488588112177842,0.038392913516235354,0.010148690205017725,0.998198856417338,0.026579672629435856,0.9950673075675963,0.22808553524971006,0.9784588776906331,0.18510463805357616,0.9784588776906331,0.34366351995468136,0.9829994939486186,0.016490085528691613,0.9830139992396036,0.2438584021997452,0.9813341883659363,qkv,cw,-10.0,0.0032827184280376192,0.0016413592140188096,0.007697995054830162,0.014132004945169837,0.005853333333333334,0.013377499999999999,0.0259142913042678,2.0,5.0
240000.0,19137.2,0.07973833333333333,26.31040543891487,0.0,0.6776849036487929,2.368902512512207,4.4826184454061515,0.03918868637695312,0.011430467743078867,0.9930554226239522,0.029811295681993165,0.9785820044517518,0.24270349664847055,0.8747066770553589,0.1964347802178065,0.8747066770553589,0.3658117340564727,0.8913407780965169,0.017565667146046956,0.9612500581741333,0.26563668347994485,0.9142132381757101,qkv,cw,-6.0,0.04052594859743843,0.020262974298719216,0.04002363348818292,0.11945303317848374,0.019654166666666667,0.12103083333333332,0.24878659779471388,2.0,5.0
240000.0,84413.8,0.35172416666666667,29.893734380911532,0.0,0.6344435050184661,0.9212167281277974,4.4672585701526115,0.04129371305948893,0.014648143829703331,0.977639411799113,0.03888124951839447,0.9284396587053934,0.3693728534873326,0.44550403368969765,0.3152488549407323,0.44550403368969765,0.6183983296871185,0.6149994862397513,0.020264347001512844,0.9192656173070273,0.3975408300002416,0.7420370443344115,qkv,cw,-2.0,0.1734681834299881,0.08673409171499405,0.18172847067348447,0.5217198626598489,0.08634499999999999,0.4617233333333334,0.9289443083565607,2.0,5.0
240000.0,96489.0,0.40203749999999994,36.42179094450694,0.0,0.5763532485580868,0.5322106644225121,4.428011241594312,0.04603855280558268,0.0227146934513251,0.9472822498321534,0.06446100100676219,0.8472145159403484,0.9644413318332035,0.18274194512267908,0.8922589587004979,0.18274194512267908,1.8486312787326178,0.5433259558439254,0.027038275869091355,0.8514226347923278,0.9643014090077082,0.5685482999722162,qkv,cw,2.0,0.19547503074774877,0.09773751537387439,0.21047548992877632,0.5935995100712236,0.10879666666666668,0.49992916666666665,1.0047617411361225,2.0,5.0
240000.0,99702.2,0.41542583333333327,55.5552030564473,0.0,0.48960292589965687,0.36820911006291707,4.329630459169308,0.055820128433227534,0.042910866969426475,0.9104310560544333,0.13419160506725308,0.7780286310036978,3.00227662203153,0.053675174192587514,2.884652661058108,0.053675174192587514,6.2118938897180564,0.4622838413079579,0.044045932086706166,0.7608776246229808,2.8812102748203277,0.45799200283686325,qkv,cw,6.0,0.16914833333333332,0.08457416666666666,0.24966351264417871,0.5811881540224878,0.16170333333333334,0.5,0.6872604847125563,2.0,5.0
240000.0,118820.8,0.4950866666666666,128.95652046736615,0.0,0.32749655071053974,0.2174056412482262,4.114086150820891,0.075069239847819,0.09345321904500326,0.880458796819051,0.3161471631034215,0.7398385421911875,8.727589182917276,-0.024699164456874135,8.475025054098765,-0.024699164456874135,18.528106724516554,0.4047737536112467,0.0867550554084778,0.6601146591186524,8.227993916867572,0.4005532427897056,qkv,cw,10.0,0.009826666666666673,0.0049133333333333355,0.48545671028929316,0.5047166230440401,0.48034666666666664,0.5,0.4201101447154566,2.0,5.0
240000.0,1381.8,0.0057575000000000005,24.12983838384822,0.0,0.7064901747287857,2.839296270345052,4.487509368619195,0.039200007832845045,0.0101366254016757,0.9982958184242248,0.026385417667826018,0.9977696457862855,0.2220322622537613,0.9893403805732728,0.17873658307711285,0.9893403805732728,0.3278207494354248,0.993322833697001,0.01647269792427619,0.9828874971389772,0.23827307262420655,0.9900123526891071,qkv,barrage,-10.0,6.899074011939736e-05,3.449537005969868e-05,0.00568989031704961,0.005825109682950391,0.0056591666666666665,0.005826666666666667,0.00038415629326492555,2.0,5.0
240000.0,2157.8,0.008990833333333333,24.94841189216711,0.0,0.6945235217122805,2.7984119544474284,4.480825256772722,0.04047663918863932,0.011401130644182366,0.9951820475260418,0.029151910999615987,0.9929528733889261,0.20983841195901234,0.9693491024971008,0.16300763315836592,0.9693491024971008,0.2860947576586405,0.9815385000546772,0.017524595801830294,0.9592939609527589,0.23610359976450607,0.9704728786150614,qkv,barrage,-6.0,0.00011265113305146034,5.632556652573017e-05,0.008880437251534087,0.00910122941513258,0.0088275,0.009114166666666666,0.0006375586712133727,2.0,5.0
240000.0,5372.8,0.02238666666666667,26.231652878110992,0.0,0.6753105811630006,2.6495951413981116,4.464046014745323,0.043373373519897465,0.014574645279943944,0.9874411416689555,0.03639775400718054,0.9796293356895447,0.19927013243516284,0.8993189331372579,0.1434289394760132,0.8993189331372579,0.22669630542755126,0.9362042041778563,0.020165308293104173,0.9091228261947633,0.2490960671790441,0.9129228703180949,qkv,barrage,-2.0,0.00010828203913853774,5.414101956926887e-05,0.022280552218224624,0.022492781115108714,0.022263333333333333,0.022522499999999997,0.001036795292372032,2.0,5.0
240000.0,19275.0,0.0803125,28.203315791114655,0.0,0.6444892783939982,2.1584377964274086,4.420320394243378,0.050258311779785146,0.022528672927419346,0.9732487022399902,0.05528150993307431,0.9544202731450397,0.22676980327129362,0.6610421060880025,0.14608902637958526,0.6610421060880025,0.18271160547892254,0.7720252250353495,0.026796044067144392,0.819528557364146,0.3301390834490458,0.7952629757404328,qkv,barrage,2.0,0.0003375257191846425,0.00016876285959232124,0.07998173087327105,0.08064326912672894,0.07989333333333333,0.0807225,0.0012406093894307565,2.0,5.0
240000.0,56681.8,0.23617416666666666,34.90197958875875,0.0,0.5341269708527443,1.2913201117451985,4.300027494783183,0.06767961295369467,0.04244693984587987,0.9555146715799967,0.10384454471270244,0.9245741887410481,0.4367086778640747,0.2792238739237189,0.2710511784950892,0.2792238739237189,0.25506558996200557,0.4631631534417471,0.04344784204244613,0.6968514187177022,0.6623181565984091,0.6598616407076519,qkv,barrage,6.0,0.0004555704604607682,0.00022778523023038406,0.23572771581920493,0.23662061751412838,0.23577,0.23686166666666666,0.0008959739523360865,2.0,5.0
240000.0,92076.8,0.38365333333333335,56.44153900970457,0.0,0.26897397288865593,0.6289092315165201,3.996089029292091,0.10300173888956705,0.09232782951116562,0.9395400260925293,0.22740875061829885,0.9002864576657613,1.4907934251658124,0.033562399495889746,0.9487691814041138,0.033562399495889746,0.9221834162648518,0.2654768949349721,0.08526915364662806,0.5725136776447297,2.0450104362360637,0.5573254849274953,qkv,barrage,10.0,0.0004147405480806353,0.00020737027404031763,0.3832468950647501,0.38405977160191657,0.38326416666666663,0.38421333333333335,0.0022113917585665226,2.0,5.0
240000.0,2221.8,0.0092575,24.569052394061178,0.0,0.7010573021247527,2.8149603424072263,4.487421523203685,0.0393700567392985,0.01010950583010912,0.9987754284540813,0.02646748205959797,0.9970743594487509,0.22600550057729082,0.9840861305554707,0.18276601986726124,0.9840861305554707,0.32833323008855186,0.98745902967453,0.016507577170729638,0.9823968195915223,0.2413215863450368,0.9844327165285746,qkv,partial_band,-10.0,0.0033652961319259192,0.0016826480659629596,0.005959570392056622,0.012555429607943378,0.0056075,0.0139625,0.021295284171569076,2.0,5.0
240000.0,10721.6,0.04467333333333333,27.02667523407364,0.0,0.669588204225679,2.581687528584798,4.480464746093238,0.04083672450561524,0.01133166304777066,0.9956050309816996,0.029479348989129066,0.9886507494290668,0.23053721012910205,0.9222572292645772,0.1837983922481537,0.9222572292645772,0.31380609530131026,0.9353496285120645,0.017613844860990845,0.9585558122316996,0.2543710092099508,0.9365032944997151,qkv,partial_band,-6.0,0.030938805707575574,0.015469402853787789,0.014353860877568136,0.07499280578909852,0.014375833333333332,0.09022583333333332,0.1700674700330868,2.0,5.0
240000.0,56732.4,0.23638499999999998,32.875832140907846,0.0,0.6065098173964284,1.5268315184911092,4.462110399306736,0.04422141942036946,0.0143947135023276,0.9863262098948162,0.037661417997479435,0.9636163900693259,0.29776491641680397,0.6308177191853523,0.2417069562959671,0.6308177191853523,0.3959519901593526,0.7147912529150645,0.020392084908286732,0.9091720004399617,0.3376796317323049,0.8034833449045816,qkv,partial_band,-2.0,0.11523917177982494,0.057619585889912464,0.12345268685165932,0.34931731314834064,0.09149083333333333,0.38564166666666666,0.5671544046802718,2.0,5.0
240000.0,106283.2,0.4428466666666667,41.010121300396165,0.0,0.5402538096686146,0.388463640645345,4.410007413286377,0.05301171475830078,0.022061688748002052,0.9673636191685995,0.05974036974151929,0.9166813698132833,0.6639542218176524,0.20709294347663723,0.5791135613536835,0.20709294347663723,0.9241297623443604,0.5058966840902965,0.02736979127605756,0.8238099254608156,0.7071649536800384,0.6432387637615203,qkv,partial_band,2.0,0.06960109111732535,0.03480054555866267,0.37463885072934255,0.5110544826039909,0.3355958333333333,0.49684083333333334,0.3789165009289103,2.0,5.0
240000.0,118450.0,0.49354166666666666,54.900984861788274,0.0,0.44746386805883487,0.08869744121710459,4.262612309903894,0.07505521927693684,0.041241782853603366,0.9419266871452333,0.11789998216231665,0.8643280407269796,2.312458982664744,0.033646338438491026,2.1196256207593285,0.033646338438491026,3.3617068680953985,0.44735145501295726,0.04489554362932841,0.7086735816796621,2.240390969975789,0.5233340763807297,qkv,partial_band,6.0,0.011364517453215716,0.005682258726607857,0.48240464421167684,0.5046786891216565,0.47614249999999997,0.4999866666666667,0.09044080438810397,2.0,5.0
240000.0,119717.2,0.4988216666666666,128.78871548597206,0.0,0.2404976018673576,0.025133808429638544,3.920034146093421,0.11571952806396484,0.08924100379943847,0.9184677482287089,0.2674797493171692,0.8259027839819589,9.205953817952473,-0.024165049579242866,8.586656620000204,-0.024165049579242866,13.681106023610434,0.4176270730018616,0.08891593960841497,0.5893654616355896,8.301567659123739,0.45913488791783647,qkv,partial_band,10.0,0.0021650368870349914,0.0010825184435174955,0.49669996950477197,0.5009433638285613,0.495545,0.5,0.018126470810251795,2.0,5.0
