snr_db,n_err,n_sym,ber,corr_tau,arch,jammer,jsr_db,ber_std,ber_sem,ber_ci_lo,ber_ci_hi,ber_q05,ber_q95,realization,n_realizations
-1.0,723.0,40000.0,0.018075,0.6719326117292367,qkv,clean,,,,,,,,,
3.0,111.0,40000.0,0.002775,0.7015093914507277,qkv,clean,,,,,,,,,
7.0,59.0,40000.0,0.001475,0.7186287164990102,qkv,clean,,,,,,,,,
11.0,39.0,40000.0,0.000975,0.7319764676878295,qkv,clean,,,,,,,,,
15.0,39.0,40000.0,0.000975,0.7337353298678981,qkv,clean,,,,,,,,,
21.0,30.0,40000.0,0.00075,0.7429636609204291,qkv,clean,,,,,,,,,
-1.0,1444.4,40000.0,0.036109999999999996,0.6681998649683257,qkv,cw,-10.0,0.0091006126167418,0.004550306308370899,0.027191563516967627,0.04502843648303237,0.022105,0.04332,2.0,5.0
3.0,456.0,40000.0,0.011399999999999999,0.6929963355953539,qkv,cw,-10.0,0.004249735285873697,0.0021248676429368486,0.007235335947929261,0.015564664052070736,0.004905,0.01478,2.0,5.0
7.0,245.8,40000.0,0.006144999999999999,0.7038815706632372,qkv,cw,-10.0,0.002200193173337287,0.0011000965866686432,0.003988850310614013,0.008301149689385987,0.002815,0.008175,2.0,5.0
11.0,179.8,40000.0,0.004495,0.7131900061663801,qkv,cw,-10.0,0.0017572279305770211,0.0008786139652885105,0.0027729482717205947,0.006217051728279405,0.00183,0.005995,2.0,5.0
15.0,151.6,40000.0,0.0037900000000000004,0.71447163657068,qkv,cw,-10.0,0.001293599628942433,0.0006467998144712165,0.0025222956584292277,0.005057704341570773,0.001835,0.004915,2.0,5.0
21.0,142.0,40000.0,0.00355,0.7211789967467139,qkv,cw,-10.0,0.0012779866978963434,0.0006389933489481717,0.002297596049700949,0.0048024039502990515,0.00163,0.004715,2.0,5.0
-1.0,4512.8,40000.0,0.11282,0.6605273071118726,qkv,cw,-6.0,0.04999685840130357,0.024998429200651786,0.06382397909664811,0.1618160209033519,0.039889999999999995,0.16389499999999999,2.0,5.0
3.0,3441.8,40000.0,0.086045,0.6768021015176026,qkv,cw,-6.0,0.04416003113676438,0.02208001556838219,0.04276896470788722,0.12932103529211278,0.020325000000000003,0.13036499999999998,2.0,5.0
7.0,2970.0,40000.0,0.07425000000000001,0.6780403501154114,qkv,cw,-6.0,0.03877367663763652,0.01938683831881826,0.03625249512101518,0.11224750487898484,0.016275,0.11259999999999999,2.0,5.0
11.0,2817.6,40000.0,0.07044,0.6826256321247434,qkv,cw,-6.0,0.037790916898111905,0.018895458449055953,0.033405581968477274,0.10747441803152273,0.014295000000000002,0.10890499999999999,2.0,5.0
15.0,2713.0,40000.0,0.067825,0.6825207267170369,qkv,cw,-6.0,0.03666669128787052,0.01833334564393526,0.03189230282176261,0.10375769717823738,0.01361,0.105795,2.0,5.0
21.0,2682.0,40000.0,0.06705,0.6874423260408828,qkv,cw,-6.0,0.0362122803755853,0.01810614018779265,0.031562617332893124,0.10253738266710688,0.01353,0.104625,2.0,5.0
-1.0,13230.8,40000.0,0.33076999999999995,0.639638662141931,qkv,cw,-2.0,0.1555251622728618,0.07776258113643089,0.17835814162772165,0.48318185837227823,0.095365,0.43922999999999995,2.0,5.0
3.0,13856.8,40000.0,0.34642,0.6418402697398761,qkv,cw,-2.0,0.1710052034296033,0.08550260171480165,0.17883798005451618,0.5140020199454838,0.08519000000000002,0.456895,2.0,5.0
7.0,14169.8,40000.0,0.35424500000000003,0.6333271971266335,qkv,cw,-2.0,0.17632880606979678,0.08816440303489839,0.18144594533312539,0.5270440546668747,0.08406,0.464995,2.0,5.0
11.0,14354.6,40000.0,0.35886500000000005,0.633215188576181,qkv,cw,-2.0,0.17902201512663185,0.08951100756331593,0.18342664895600852,0.5343033510439916,0.084305,0.46872,2.0,5.0
15.0,14377.6,40000.0,0.35944,0.6311391536102026,qkv,cw,-2.0,0.17964570520889164,0.08982285260444582,0.18339044390663642,0.5354895560933636,0.08378500000000001,0.47045499999999996,2.0,5.0
21.0,14424.2,40000.0,0.36060499999999995,0.6345537003978043,qkv,cw,-2.0,0.18005846994795888,0.09002923497397942,0.18415094189530648,0.5370590581046935,0.084435,0.47004500000000005,2.0,5.0
-1.0,16269.0,40000.0,0.40672500000000006,0.5869027794785004,qkv,cw,2.0,0.18450066327794054,0.09225033163897027,0.2259176724257425,0.5875323275742577,0.129835,0.49964000000000003,2.0,5.0
3.0,16070.0,40000.0,0.40175,0.58291323673507,qkv,cw,2.0,0.19622501688113062,0.09811250844056532,0.20945301702360997,0.59404698297639,0.10739000000000001,0.499965,2.0,5.0
7.0,16044.8,40000.0,0.40112,0.5745627540351546,qkv,cw,2.0,0.19763500917094623,0.09881750458547311,0.20744124997035107,0.5947987500296489,0.104645,0.499995,2.0,5.0
11.0,16036.8,40000.0,0.40092000000000005,0.5744599539657094,qkv,cw,2.0,0.19804750402365587,0.09902375201182793,0.20683701244279162,0.5950029875572085,0.103835,0.49999,2.0,5.0
15.0,16034.6,40000.0,0.400865,0.5729030618076324,qkv,cw,2.0,0.1981950053608819,0.09909750268044093,0.20663746378847436,0.5950925362115257,0.10355500000000001,0.5,2.0,5.0
21.0,16033.8,40000.0,0.400845,0.5755965014585587,qkv,cw,2.0,0.19824750212802175,0.09912375106401088,0.2065660179020249,0.5951239820979751,0.103465,0.5,2.0,5.0
-1.0,17241.2,40000.0,0.43102999999999997,0.4751240651343699,qkv,cw,6.0,0.13794,0.06897,0.2958512839862725,0.5662087160137275,0.22412,0.5,2.0,5.0
3.0,16727.4,40000.0,0.418185,0.4901948947078383,qkv,cw,6.0,0.16363,0.08181499999999998,0.2578305466048555,0.5785394533951445,0.17274,0.5,2.0,5.0
7.0,16506.0,40000.0,0.41265,0.49084341570284584,qkv,cw,6.0,0.17470000000000002,0.08735000000000001,0.24144714595042632,0.5838528540495738,0.1506,0.5,2.0,5.0
11.0,16437.2,40000.0,0.41093,0.494232501548559,qkv,cw,6.0,0.17814,0.08907,0.23635600789701744,0.5855039921029825,0.14372000000000001,0.5,2.0,5.0
15.0,16400.4,40000.0,0.41000999999999993,0.49286493480673477,qkv,cw,6.0,0.17998,0.08999,0.2336328410312405,0.5863871589687594,0.14004,0.5,2.0,5.0
21.0,16390.0,40000.0,0.40975,0.49629313192097213,qkv,cw,6.0,0.18049999999999997,0.09025,0.23286325039526018,0.5866367496047398,0.139,0.5,2.0,5.0
-1.0,19730.4,40000.0,0.49326,0.3026121089948076,qkv,cw,10.0,0.013480000000000002,0.006740000000000001,0.48004984274420004,0.5064701572557999,0.47304,0.5,2.0,5.0
3.0,19777.0,40000.0,0.494425,0.3248690684606162,qkv,cw,10.0,0.011149999999999993,0.005574999999999996,0.4834982007861892,0.5053517992138108,0.4777,0.5,2.0,5.0
7.0,19812.8,40000.0,0.49532,0.33251998998223536,qkv,cw,10.0,0.00935999999999999,0.004679999999999995,0.4861473685523525,0.5044926314476474,0.48128000000000004,0.5,2.0,5.0
11.0,19831.8,40000.0,0.49579500000000004,0.3372385895180014,qkv,cw,10.0,0.008410000000000008,0.004205000000000004,0.4875533514450091,0.504036648554991,0.48318,0.5,2.0,5.0
15.0,19838.8,40000.0,0.49596999999999997,0.33395805182296523,qkv,cw,10.0,0.00806,0.00403,0.48807134514230355,0.5038686548576964,0.48388,0.5,2.0,5.0
21.0,19830.0,40000.0,0.49574999999999997,0.3357440397863017,qkv,cw,10.0,0.008499999999999997,0.004249999999999998,0.48742015306570474,0.5040798469342952,0.483,0.5,2.0,5.0
-1.0,926.6,40000.0,0.023164999999999998,0.6686941352351916,qkv,barrage,-10.0,0.0002672077843177468,0.0001336038921588734,0.022903141183174235,0.02342685881682576,0.02283,0.023469999999999998,2.0,5.0
3.0,196.8,40000.0,0.004920000000000001,0.6945347365778078,qkv,barrage,-10.0,0.000256124969497314,0.00012806248474865698,0.004669002142121923,0.0051709978578780786,0.00454,0.00515,2.0,5.0
7.0,88.2,40000.0,0.002205,0.7080668700279114,qkv,barrage,-10.0,0.0001197914855071094,5.98957427535547e-05,0.002087606501375757,0.002322393498624243,0.0020399999999999997,0.00232,2.0,5.0
11.0,62.8,40000.0,0.0015699999999999998,0.7188101457336646,qkv,barrage,-10.0,6.782329983125273e-05,3.391164991562636e-05,0.0015035343875090413,0.0016364656124909583,0.00147,0.00164,2.0,5.0
15.0,57.2,40000.0,0.00143,0.7198009289041731,qkv,barrage,-10.0,6.59545297913646e-05,3.297726489568231e-05,0.0013653657484958258,0.0014946342515041744,0.00134,0.0015,2.0,5.0
21.0,50.2,40000.0,0.0012550000000000003,0.7279861613592483,qkv,barrage,-10.0,6.403124237432852e-05,3.201562118716426e-05,0.0011922505355304808,0.0013177494644695197,0.00117,0.001335,2.0,5.0
-1.0,1266.2,40000.0,0.031655,0.6639018690831011,qkv,barrage,-6.0,0.0007223918604192605,0.00036119593020963027,0.030947068985426686,0.03236293101457332,0.030675,0.03253,2.0,5.0
3.0,349.2,40000.0,0.00873,0.68675340932183,qkv,barrage,-6.0,0.00023632604596192987,0.00011816302298096491,0.00849840473065293,0.00896159526934707,0.00853,0.00909,2.0,5.0
7.0,174.2,40000.0,0.0043549999999999995,0.6959125289253738,qkv,barrage,-6.0,0.0002671142077838616,0.00013355710389193078,0.004093232886492341,0.004616767113507658,0.004035,0.004685,2.0,5.0
11.0,132.6,40000.0,0.003315,0.7039416019296908,qkv,barrage,-6.0,0.0002615339366124405,0.00013076696830622024,0.0030587014517523175,0.003571298548247682,0.00295,0.00361,2.0,5.0
15.0,124.4,40000.0,0.0031100000000000004,0.7045167705170923,qkv,barrage,-6.0,0.00019013153341831544,9.506576670915771e-05,0.0029236745210873645,0.0032963254789126362,0.002865,0.0033250000000000003,2.0,5.0
21.0,111.2,40000.0,0.0027800000000000004,0.711487382571946,qkv,barrage,-6.0,0.00022880122377295106,0.00011440061188647552,0.0025557789208931637,0.003004221079106837,0.002575,0.00312,2.0,5.0
-1.0,2255.6,40000.0,0.056389999999999996,0.6525816963145101,qkv,barrage,-2.0,0.001307440247200614,0.000653720123600307,0.05510873210177432,0.05767126789822567,0.05468,0.058075,2.0,5.0
3.0,979.8,40000.0,0.024495,0.6726545237142124,qkv,barrage,-2.0,0.0005940117843948888,0.0002970058921974444,0.023912879148096824,0.025077120851903174,0.023805,0.025145,2.0,5.0
7.0,647.0,40000.0,0.016175000000000002,0.67631756791739,qkv,barrage,-2.0,0.0002761340254296823,0.00013806701271484116,0.01590439362762588,0.016445606372374123,0.01577,0.016455,2.0,5.0
11.0,519.8,40000.0,0.012994999999999998,0.6815627390383974,qkv,barrage,-2.0,0.00047047847984790943,0.00023523923992395474,0.01253393956199847,0.013456060438001526,0.01247,0.013645,2.0,5.0
15.0,506.6,40000.0,0.012665,0.681508436888361,qkv,barrage,-2.0,0.00026532998322843174,0.00013266499161421584,0.012404981394426829,0.01292501860557317,0.012395,0.013054999999999999,2.0,5.0
21.0,464.0,40000.0,0.011600000000000001,0.6869457407721002,qkv,barrage,-2.0,0.00022472205054244272,0.00011236102527122134,0.011379776437202413,0.01182022356279759,0.011345,0.011885000000000001,2.0,5.0
-1.0,5114.4,40000.0,0.12786,0.6201322105724107,qkv,barrage,2.0,0.0016465570138929264,0.0008232785069464631,0.12624640377713903,0.12947359622286098,0.12546,0.12963,2.0,5.0
3.0,3498.2,40000.0,0.087455,0.6440539950975335,qkv,barrage,2.0,0.000940000000000003,0.00047000000000000145,0.08653381692726618,0.08837618307273383,0.08628,0.08843000000000001,2.0,5.0
7.0,2903.2,40000.0,0.07258,0.6460689343486108,qkv,barrage,2.0,0.0009893684854491791,0.0004946842427245896,0.07161043670054033,0.07354956329945968,0.071505,0.073975,2.0,5.0
11.0,2631.8,40000.0,0.065795,0.651082045178954,qkv,barrage,2.0,0.0008078366171448295,0.0004039183085724147,0.06500333466250174,0.06658666533749827,0.06492,0.06689,2.0,5.0
15.0,2605.6,40000.0,0.06514,0.6502385672228395,qkv,barrage,2.0,0.0010276915879776406,0.0005138457939888203,0.06413288075017452,0.06614711924982548,0.06374,0.06612,2.0,5.0
21.0,2521.8,40000.0,0.06304499999999999,0.6550552088912645,qkv,barrage,2.0,0.0008166088414902231,0.00040830442074511156,0.062244738040611085,0.0638452619593889,0.061965,0.064025,2.0,5.0
-1.0,10682.0,40000.0,0.26705,0.49564119388515204,qkv,barrage,6.0,0.0011378708186784625,0.0005689354093392311,0.2659349070881656,0.26816509291183444,0.265985,0.26856,2.0,5.0
3.0,9726.4,40000.0,0.24316,0.5306548056268967,qkv,barrage,6.0,0.002656341469013347,0.0013281707345066732,0.2405568331950468,0.24576316680495316,0.24008,0.246305,2.0,5.0
7.0,9262.8,40000.0,0.23156999999999997,0.5359941371597418,qkv,barrage,6.0,0.0010319156942308792,0.0005159578471154396,0.2305587412021129,0.23258125879788705,0.22999,0.23225,2.0,5.0
11.0,9100.8,40000.0,0.22752,0.5470766366950547,qkv,barrage,6.0,0.0015184202316881903,0.0007592101158440951,0.2260319755162471,0.2290080244837529,0.225645,0.22943000000000002,2.0,5.0
15.0,8975.8,40000.0,0.22439499999999998,0.5447967776837842,qkv,barrage,6.0,0.002565219288871811,0.0012826096444359056,0.22188113129068188,0.2269088687093181,0.221265,0.22747499999999998,2.0,5.0
21.0,8934.0,40000.0,0.22335000000000002,0.5507455595972233,qkv,barrage,6.0,0.0014750423722727395,0.0007375211861363698,0.22190448503733748,0.22479551496266256,0.221275,0.225075,2.0,5.0
-1.0,15703.0,40000.0,0.392575,0.24914102093109358,qkv,barrage,10.0,0.0008170067319184056,0.0004085033659592028,0.3917743481151566,0.3933756518848434,0.39201,0.39384,2.0,5.0
3.0,15423.4,40000.0,0.38558499999999996,0.266666167911465,qkv,barrage,10.0,0.0021817767988499596,0.0010908883994249798,0.3834468980259744,0.3877231019740255,0.382815,0.38849,2.0,5.0
7.0,15339.0,40000.0,0.383475,0.268645962249437,qkv,barrage,10.0,0.00161895027718579,0.000809475138592895,0.3818884578819774,0.3850615421180226,0.38116500000000003,0.385025,2.0,5.0
11.0,15272.4,40000.0,0.38181,0.2793016165580937,qkv,barrage,10.0,0.002452172506166731,0.0012260862530833652,0.3794069151020169,0.38421308489798306,0.37898,0.38508000000000003,2.0,5.0
15.0,15159.0,40000.0,0.378975,0.2733413165786321,qkv,barrage,10.0,0.0011356716074640647,0.0005678358037320324,0.37786206227555286,0.38008793772444716,0.37734,0.38020000000000004,2.0,5.0
21.0,15180.0,40000.0,0.3795,0.278267055046045,qkv,barrage,10.0,0.0007913595895672149,0.00039567979478360743,0.37872448185281393,0.3802755181471861,0.378415,0.380365,2.0,5.0
-1.0,1230.2,40000.0,0.030754999999999998,0.6680722566834081,qkv,partial_band,-10.0,0.006844019286939511,0.003422009643469755,0.02404798434405053,0.03746201565594947,0.02277,0.040165,2.0,5.0
3.0,380.8,40000.0,0.009519999999999999,0.6920971356850225,qkv,partial_band,-10.0,0.004367619488920709,0.0021838097444603546,0.005239811551770086,0.013800188448229913,0.004715,0.015424999999999998,2.0,5.0
7.0,206.2,40000.0,0.005155000000000001,0.7031644636859494,qkv,partial_band,-10.0,0.0029419976206652514,0.0014709988103326257,0.0022718953104467893,0.008038104689553212,0.00218,0.009365,2.0,5.0
11.0,144.6,40000.0,0.003615,0.7113124912118627,qkv,partial_band,-10.0,0.0022044046815410277,0.0011022023407705138,0.00145472310841405,0.00577527689158595,0.001405,0.006789999999999999,2.0,5.0
15.0,131.6,40000.0,0.00329,0.7122458192317788,qkv,partial_band,-10.0,0.0018487563387315268,0.0009243781693657634,0.001478252079948038,0.005101747920051962,0.001485,0.005934999999999999,2.0,5.0
21.0,128.4,40000.0,0.0032099999999999997,0.7194659961984854,qkv,partial_band,-10.0,0.0020595266446443465,0.0010297633223221732,0.0011917009756482297,0.005228299024351769,0.00109,0.006104999999999999,2.0,5.0
-1.0,3031.8,40000.0,0.075795,0.6598916482337678,qkv,partial_band,-6.0,0.032073187400069855,0.016036593700034928,0.044363853913229626,0.10722614608677038,0.040835,0.12180499999999998,2.0,5.0
3.0,1987.2,40000.0,0.04968,0.6719879256808159,qkv,partial_band,-6.0,0.034765519556019864,0.017382759778009935,0.015610416883189072,0.08374958311681094,0.01514,0.100765,2.0,5.0
7.0,1580.6,40000.0,0.039515,0.6718932569835065,qkv,partial_band,-6.0,0.03134233000272953,0.015671165001364767,0.008800081001540477,0.07022991899845953,0.009755,0.08592999999999998,2.0,5.0
11.0,1434.2,40000.0,0.035855,0.6725042650795083,qkv,partial_band,-6.0,0.030112333021537867,0.015056166510768933,0.006345455893654803,0.0653645441063452,0.007135,0.08033499999999999,2.0,5.0
15.0,1355.0,40000.0,0.033875,0.6709003847969689,qkv,partial_band,-6.0,0.028807013035023258,0.014403506517511629,0.005644645974589281,0.062105354025410724,0.00702,0.07654999999999999,2.0,5.0
21.0,1332.8,40000.0,0.03332,0.6754219792875952,qkv,partial_band,-6.0,0.028784133650328957,0.014392066825164479,0.005112067359583913,0.06152793264041609,0.00637,0.07596999999999998,2.0,5.0
-1.0,9717.6,40000.0,0.24294,0.6342152189773944,qkv,partial_band,-2.0,0.0890597448345772,0.0445298724172886,0.1556630538259508,0.3302169461740492,0.1294,0.36056,2.0,5.0
3.0,9553.6,40000.0,0.23884000000000002,0.6231994840399558,qkv,partial_band,-2.0,0.1114550308420396,0.055727515421019794,0.1296160768269008,0.34806392317309925,0.09750500000000001,0.38313499999999995,2.0,5.0
7.0,9448.6,40000.0,0.23621499999999998,0.6073263233436764,qkv,partial_band,-2.0,0.11963939422280606,0.05981969711140302,0.11897054809555538,0.3534594519044446,0.085825,0.39014499999999996,2.0,5.0
11.0,9385.8,40000.0,0.23464500000000005,0.5997444366439388,qkv,partial_band,-2.0,0.12345397664717003,0.06172698832358501,0.11366232601164902,0.35562767398835105,0.080035,0.39348,2.0,5.0
15.0,9304.6,40000.0,0.23261500000000002,0.5959945074336946,qkv,partial_band,-2.0,0.12350178399521199,0.061750891997605986,0.11158547567146967,0.35364452432853033,0.078515,0.39168499999999995,2.0,5.0
21.0,9322.2,40000.0,0.233055,0.5972346057780774,qkv,partial_band,-2.0,0.12512375314064073,0.06256187657032036,0.1104359751169319,0.3556740248830681,0.077665,0.394845,2.0,5.0
-1.0,17513.0,40000.0,0.43782499999999996,0.5728716420609535,qkv,partial_band,2.0,0.06197407724202111,0.030987038621010553,0.3770915203152676,0.4985584796847323,0.34325500000000003,0.49214,2.0,5.0
3.0,17710.0,40000.0,0.44275000000000003,0.5556795967481438,qkv,partial_band,2.0,0.06865843902973616,0.03432921951486808,0.37546596613348904,0.510034033866511,0.337005,0.49673,2.0,5.0
7.0,17762.4,40000.0,0.44406,0.5400592963000688,qkv,partial_band,2.0,0.07080936308144568,0.035404681540722835,0.3746680992960732,0.5134519007039269,0.334855,0.497755,2.0,5.0
11.0,17760.4,40000.0,0.44401,0.5343193654291014,qkv,partial_band,2.0,0.07167477345621678,0.03583738672810839,0.37377001271287386,0.5142499872871262,0.333515,0.49816,2.0,5.0
15.0,17766.8,40000.0,0.44417,0.5297759806069583,qkv,partial_band,2.0,0.0721842077604236,0.0360921038802118,0.37343077626850657,0.5149092237314935,0.33282500000000004,0.49806,2.0,5.0
21.0,17770.6,40000.0,0.444265,0.5313750117032108,qkv,partial_band,2.0,0.0726762918701828,0.0363381459350914,0.3730435427022603,0.5154864572977397,0.33212,0.49820000000000003,2.0,5.0
-1.0,19704.2,40000.0,0.492605,0.4364779037594714,qkv,partial_band,6.0,0.012450114457305213,0.006225057228652606,0.48040411203014016,0.5048058879698598,0.4735,0.499955,2.0,5.0
3.0,19735.2,40000.0,0.49338,0.4496217857318322,qkv,partial_band,6.0,0.011708110436786965,0.0058540552183934825,0.48190626260844,0.5048537373915599,0.47546,0.499985,2.0,5.0
7.0,19744.6,40000.0,0.493615,0.450055480539301,qkv,partial_band,6.0,0.011323345353737111,0.0056616726768685555,0.4825183254610832,0.5047116745389169,0.476285,0.499995,2.0,5.0
11.0,19754.2,40000.0,0.49385500000000004,0.4527851926787245,qkv,partial_band,6.0,0.010999004500408216,0.005499502250204108,0.483076173656703,0.5046338263432971,0.477035,0.5,2.0,5.0
15.0,19754.0,40000.0,0.49385,0.4477790560681961,qkv,partial_band,6.0,0.010985854541181594,0.005492927270590796,0.48308406037994417,0.5046159396200559,0.477045,0.499995,2.0,5.0
21.0,19757.8,40000.0,0.49394499999999997,0.45220704249058363,qkv,partial_band,6.0,0.010723973144315491,0.005361986572157745,0.4834356994329834,0.5044543005670166,0.47753,0.499995,2.0,5.0
-1.0,19948.0,40000.0,0.49870000000000003,0.2273568364480542,qkv,partial_band,10.0,0.00226787345325969,0.0011339367266298447,0.4964775248550583,0.5009224751449418,0.49526,0.5,2.0,5.0
3.0,19948.2,40000.0,0.498705,0.2393293409541201,qkv,partial_band,10.0,0.0023916730545791606,0.0011958365272895803,0.496361203475115,0.501048796524885,0.4951,0.5,2.0,5.0
7.0,19953.4,40000.0,0.498835,0.24215604418062658,qkv,partial_band,10.0,0.0021937183046143393,0.0010968591523071696,0.4966851955653648,0.5009848044346351,0.49552,0.5,2.0,5.0
11.0,19959.2,40000.0,0.49898,0.2465215177080448,qkv,partial_band,10.0,0.0019778397306152024,0.0009889198653076012,0.4970417526804009,0.5009182473195991,0.496,0.5,2.0,5.0
15.0,19950.0,40000.0,0.49874999999999997,0.2403972910965817,qkv,partial_band,10.0,0.002206127829478606,0.001103063914739303,0.4965880344544652,0.5009119655455347,0.49539,0.5,2.0,5.0
21.0,19958.4,40000.0,0.49896,0.24784558605770207,qkv,partial_band,10.0,0.0019563741973354755,0.0009781870986677375,0.49704278851646955,0.5008772114835305,0.496,0.5,2.0,5.0
