arch,modality,jammer_knowledge,jammer_model,in_channel,jsr_db,realization,ber,jammed_fraction,ber_clean,hop_rate_hz,dwell_bursts,slot_duration_us,num_channels
lstm,fh_off,omniscient,barrage,cw,-10.0,0,0.23985,1.0,0.2824,100000.0,1,10.0,8
lstm,fh_off,omniscient,barrage,cw,-6.0,0,0.3457,1.0,0.2824,100000.0,1,10.0,8
lstm,fh_off,omniscient,barrage,cw,-2.0,0,0.49775,1.0,0.2824,100000.0,1,10.0,8
lstm,fh_off,omniscient,barrage,cw,2.0,0,0.50325,1.0,0.2824,100000.0,1,10.0,8
lstm,fh_off,omniscient,barrage,cw,6.0,0,0.50315,1.0,0.2824,100000.0,1,10.0,8
lstm,fh_off,omniscient,barrage,cw,10.0,0,0.50315,1.0,0.2824,100000.0,1,10.0,8
lstm,fh_off,omniscient,barrage,partial_band,-10.0,0,0.2441,1.0,0.2824,100000.0,1,10.0,8
lstm,fh_off,omniscient,barrage,partial_band,-6.0,0,0.23025,1.0,0.2824,100000.0,1,10.0,8
lstm,fh_off,omniscient,barrage,partial_band,-2.0,0,0.3513,1.0,0.2824,100000.0,1,10.0,8
lstm,fh_off,omniscient,barrage,partial_band,2.0,0,0.49395,1.0,0.2824,100000.0,1,10.0,8
lstm,fh_off,omniscient,barrage,partial_band,6.0,0,0.503,1.0,0.2824,100000.0,1,10.0,8
lstm,fh_off,omniscient,barrage,partial_band,10.0,0,0.50315,1.0,0.2824,100000.0,1,10.0,8
lstm,fh_off,omniscient,barrage,cw,-10.0,1,0.21135,1.0,0.26355,100000.0,1,10.0,8
lstm,fh_off,omniscient,barrage,cw,-6.0,1,0.25595,1.0,0.26355,100000.0,1,10.0,8
lstm,fh_off,omniscient,barrage,cw,-2.0,1,0.48405,1.0,0.26355,100000.0,1,10.0,8
lstm,fh_off,omniscient,barrage,cw,2.0,1,0.49895,1.0,0.26355,100000.0,1,10.0,8
lstm,fh_off,omniscient,barrage,cw,6.0,1,0.4996,1.0,0.26355,100000.0,1,10.0,8
lstm,fh_off,omniscient,barrage,cw,10.0,1,0.4996,1.0,0.26355,100000.0,1,10.0,8
lstm,fh_off,omniscient,barrage,partial_band,-10.0,1,0.2892,1.0,0.26355,100000.0,1,10.0,8
lstm,fh_off,omniscient,barrage,partial_band,-6.0,1,0.3362,1.0,0.26355,100000.0,1,10.0,8
lstm,fh_off,omniscient,barrage,partial_band,-2.0,1,0.4248,1.0,0.26355,100000.0,1,10.0,8
lstm,fh_off,omniscient,barrage,partial_band,2.0,1,0.4872,1.0,0.26355,100000.0,1,10.0,8
lstm,fh_off,omniscient,barrage,partial_band,6.0,1,0.49405,1.0,0.26355,100000.0,1,10.0,8
lstm,fh_off,omniscient,barrage,partial_band,10.0,1,0.5008,1.0,0.26355,100000.0,1,10.0,8
lstm,fh_off,omniscient,barrage,cw,-10.0,2,0.26285,1.0,0.2741,100000.0,1,10.0,8
lstm,fh_off,omniscient,barrage,cw,-6.0,2,0.2424,1.0,0.2741,100000.0,1,10.0,8
lstm,fh_off,omniscient,barrage,cw,-2.0,2,0.19845,1.0,0.2741,100000.0,1,10.0,8
lstm,fh_off,omniscient,barrage,cw,2.0,2,0.28245,1.0,0.2741,100000.0,1,10.0,8
lstm,fh_off,omniscient,barrage,cw,6.0,2,0.50035,1.0,0.2741,100000.0,1,10.0,8
lstm,fh_off,omniscient,barrage,cw,10.0,2,0.5027,1.0,0.2741,100000.0,1,10.0,8
lstm,fh_off,omniscient,barrage,partial_band,-10.0,2,0.3266,1.0,0.2741,100000.0,1,10.0,8
lstm,fh_off,omniscient,barrage,partial_band,-6.0,2,0.3927,1.0,0.2741,100000.0,1,10.0,8
lstm,fh_off,omniscient,barrage,partial_band,-2.0,2,0.46935,1.0,0.2741,100000.0,1,10.0,8
lstm,fh_off,omniscient,barrage,partial_band,2.0,2,0.4981,1.0,0.2741,100000.0,1,10.0,8
lstm,fh_off,omniscient,barrage,partial_band,6.0,2,0.493,1.0,0.2741,100000.0,1,10.0,8
lstm,fh_off,omniscient,barrage,partial_band,10.0,2,0.49635,1.0,0.2741,100000.0,1,10.0,8
lstm,fh_off,omniscient,barrage,cw,-10.0,3,0.32755,1.0,0.2861,100000.0,1,10.0,8
lstm,fh_off,omniscient,barrage,cw,-6.0,3,0.38745,1.0,0.2861,100000.0,1,10.0,8
lstm,fh_off,omniscient,barrage,cw,-2.0,3,0.46145,1.0,0.2861,100000.0,1,10.0,8
lstm,fh_off,omniscient,barrage,cw,2.0,3,0.4963,1.0,0.2861,100000.0,1,10.0,8
lstm,fh_off,omniscient,barrage,cw,6.0,3,0.49745,1.0,0.2861,100000.0,1,10.0,8
lstm,fh_off,omniscient,barrage,cw,10.0,3,0.4997,1.0,0.2861,100000.0,1,10.0,8
lstm,fh_off,omniscient,barrage,partial_band,-10.0,3,0.32,1.0,0.2861,100000.0,1,10.0,8
lstm,fh_off,omniscient,barrage,partial_band,-6.0,3,0.3708,1.0,0.2861,100000.0,1,10.0,8
lstm,fh_off,omniscient,barrage,partial_band,-2.0,3,0.44565,1.0,0.2861,100000.0,1,10.0,8
lstm,fh_off,omniscient,barrage,partial_band,2.0,3,0.4893,1.0,0.2861,100000.0,1,10.0,8
lstm,fh_off,omniscient,barrage,partial_band,6.0,3,0.49835,1.0,0.2861,100000.0,1,10.0,8
lstm,fh_off,omniscient,barrage,partial_band,10.0,3,0.4996,1.0,0.2861,100000.0,1,10.0,8
lstm,fh_off,omniscient,barrage,cw,-10.0,4,0.326,1.0,0.28055,100000.0,1,10.0,8
lstm,fh_off,omniscient,barrage,cw,-6.0,4,0.3962,1.0,0.28055,100000.0,1,10.0,8
lstm,fh_off,omniscient,barrage,cw,-2.0,4,0.4772,1.0,0.28055,100000.0,1,10.0,8
lstm,fh_off,omniscient,barrage,cw,2.0,4,0.483,1.0,0.28055,100000.0,1,10.0,8
lstm,fh_off,omniscient,barrage,cw,6.0,4,0.4922,1.0,0.28055,100000.0,1,10.0,8
lstm,fh_off,omniscient,barrage,cw,10.0,4,0.496,1.0,0.28055,100000.0,1,10.0,8
lstm,fh_off,omniscient,barrage,partial_band,-10.0,4,0.25095,1.0,0.28055,100000.0,1,10.0,8
lstm,fh_off,omniscient,barrage,partial_band,-6.0,4,0.2392,1.0,0.28055,100000.0,1,10.0,8
lstm,fh_off,omniscient,barrage,partial_band,-2.0,4,0.35045,1.0,0.28055,100000.0,1,10.0,8
lstm,fh_off,omniscient,barrage,partial_band,2.0,4,0.4908,1.0,0.28055,100000.0,1,10.0,8
lstm,fh_off,omniscient,barrage,partial_band,6.0,4,0.50385,1.0,0.28055,100000.0,1,10.0,8
lstm,fh_off,omniscient,barrage,partial_band,10.0,4,0.50415,1.0,0.28055,100000.0,1,10.0,8
lstm,fh_off,omniscient,fixed_partial,cw,-10.0,0,0.2322,1.0,0.2673,100000.0,1,10.0,8
lstm,fh_off,omniscient,fixed_partial,cw,-6.0,0,0.3309,1.0,0.2673,100000.0,1,10.0,8
lstm,fh_off,omniscient,fixed_partial,cw,-2.0,0,0.4963,1.0,0.2673,100000.0,1,10.0,8
lstm,fh_off,omniscient,fixed_partial,cw,2.0,0,0.50355,1.0,0.2673,100000.0,1,10.0,8
lstm,fh_off,omniscient,fixed_partial,cw,6.0,0,0.50355,1.0,0.2673,100000.0,1,10.0,8
lstm,fh_off,omniscient,fixed_partial,cw,10.0,0,0.50355,1.0,0.2673,100000.0,1,10.0,8
lstm,fh_off,omniscient,fixed_partial,partial_band,-10.0,0,0.23335,1.0,0.2673,100000.0,1,10.0,8
lstm,fh_off,omniscient,fixed_partial,partial_band,-6.0,0,0.22155,1.0,0.2673,100000.0,1,10.0,8
lstm,fh_off,omniscient,fixed_partial,partial_band,-2.0,0,0.3444,1.0,0.2673,100000.0,1,10.0,8
lstm,fh_off,omniscient,fixed_partial,partial_band,2.0,0,0.4942,1.0,0.2673,100000.0,1,10.0,8
lstm,fh_off,omniscient,fixed_partial,partial_band,6.0,0,0.5035,1.0,0.2673,100000.0,1,10.0,8
lstm,fh_off,omniscient,fixed_partial,partial_band,10.0,0,0.50355,1.0,0.2673,100000.0,1,10.0,8
lstm,fh_off,omniscient,fixed_partial,cw,-10.0,1,0.2278,1.0,0.274,100000.0,1,10.0,8
lstm,fh_off,omniscient,fixed_partial,cw,-6.0,1,0.264,1.0,0.274,100000.0,1,10.0,8
lstm,fh_off,omniscient,fixed_partial,cw,-2.0,1,0.4805,1.0,0.274,100000.0,1,10.0,8
lstm,fh_off,omniscient,fixed_partial,cw,2.0,1,0.5026,1.0,0.274,100000.0,1,10.0,8
lstm,fh_off,omniscient,fixed_partial,cw,6.0,1,0.50375,1.0,0.274,100000.0,1,10.0,8
lstm,fh_off,omniscient,fixed_partial,cw,10.0,1,0.50375,1.0,0.274,100000.0,1,10.0,8
lstm,fh_off,omniscient,fixed_partial,partial_band,-10.0,1,0.3019,1.0,0.274,100000.0,1,10.0,8
lstm,fh_off,omniscient,fixed_partial,partial_band,-6.0,1,0.346,1.0,0.274,100000.0,1,10.0,8
lstm,fh_off,omniscient,fixed_partial,partial_band,-2.0,1,0.426,1.0,0.274,100000.0,1,10.0,8
lstm,fh_off,omniscient,fixed_partial,partial_band,2.0,1,0.48495,1.0,0.274,100000.0,1,10.0,8
lstm,fh_off,omniscient,fixed_partial,partial_band,6.0,1,0.49295,1.0,0.274,100000.0,1,10.0,8
lstm,fh_off,omniscient,fixed_partial,partial_band,10.0,1,0.4965,1.0,0.274,100000.0,1,10.0,8
lstm,fh_off,omniscient,fixed_partial,cw,-10.0,2,0.26355,1.0,0.2747,100000.0,1,10.0,8
lstm,fh_off,omniscient,fixed_partial,cw,-6.0,2,0.24415,1.0,0.2747,100000.0,1,10.0,8
lstm,fh_off,omniscient,fixed_partial,cw,-2.0,2,0.20175,1.0,0.2747,100000.0,1,10.0,8
lstm,fh_off,omniscient,fixed_partial,cw,2.0,2,0.2862,1.0,0.2747,100000.0,1,10.0,8
lstm,fh_off,omniscient,fixed_partial,cw,6.0,2,0.49295,1.0,0.2747,100000.0,1,10.0,8
lstm,fh_off,omniscient,fixed_partial,cw,10.0,2,0.49505,1.0,0.2747,100000.0,1,10.0,8
lstm,fh_off,omniscient,fixed_partial,partial_band,-10.0,2,0.33005,1.0,0.2747,100000.0,1,10.0,8
lstm,fh_off,omniscient,fixed_partial,partial_band,-6.0,2,0.40255,1.0,0.2747,100000.0,1,10.0,8
lstm,fh_off,omniscient,fixed_partial,partial_band,-2.0,2,0.4808,1.0,0.2747,100000.0,1,10.0,8
lstm,fh_off,omniscient,fixed_partial,partial_band,2.0,2,0.50115,1.0,0.2747,100000.0,1,10.0,8
lstm,fh_off,omniscient,fixed_partial,partial_band,6.0,2,0.5022,1.0,0.2747,100000.0,1,10.0,8
lstm,fh_off,omniscient,fixed_partial,partial_band,10.0,2,0.5051,1.0,0.2747,100000.0,1,10.0,8
lstm,fh_off,omniscient,fixed_partial,cw,-10.0,3,0.31405,1.0,0.27025,100000.0,1,10.0,8
lstm,fh_off,omniscient,fixed_partial,cw,-6.0,3,0.37535,1.0,0.27025,100000.0,1,10.0,8
lstm,fh_off,omniscient,fixed_partial,cw,-2.0,3,0.4563,1.0,0.27025,100000.0,1,10.0,8
lstm,fh_off,omniscient,fixed_partial,cw,2.0,3,0.4903,1.0,0.27025,100000.0,1,10.0,8
lstm,fh_off,omniscient,fixed_partial,cw,6.0,3,0.49595,1.0,0.27025,100000.0,1,10.0,8
lstm,fh_off,omniscient,fixed_partial,cw,10.0,3,0.49575,1.0,0.27025,100000.0,1,10.0,8
lstm,fh_off,omniscient,fixed_partial,partial_band,-10.0,3,0.30705,1.0,0.27025,100000.0,1,10.0,8
lstm,fh_off,omniscient,fixed_partial,partial_band,-6.0,3,0.36075,1.0,0.27025,100000.0,1,10.0,8
lstm,fh_off,omniscient,fixed_partial,partial_band,-2.0,3,0.43545,1.0,0.27025,100000.0,1,10.0,8
lstm,fh_off,omniscient,fixed_partial,partial_band,2.0,3,0.4847,1.0,0.27025,100000.0,1,10.0,8
lstm,fh_off,omniscient,fixed_partial,partial_band,6.0,3,0.49485,1.0,0.27025,100000.0,1,10.0,8
lstm,fh_off,omniscient,fixed_partial,partial_band,10.0,3,0.49595,1.0,0.27025,100000.0,1,10.0,8
lstm,fh_off,omniscient,fixed_partial,cw,-10.0,4,0.32195,1.0,0.26585,100000.0,1,10.0,8
lstm,fh_off,omniscient,fixed_partial,cw,-6.0,4,0.4009,1.0,0.26585,100000.0,1,10.0,8
lstm,fh_off,omniscient,fixed_partial,cw,-2.0,4,0.4788,1.0,0.26585,100000.0,1,10.0,8
lstm,fh_off,omniscient,fixed_partial,cw,2.0,4,0.4894,1.0,0.26585,100000.0,1,10.0,8
lstm,fh_off,omniscient,fixed_partial,cw,6.0,4,0.4929,1.0,0.26585,100000.0,1,10.0,8
lstm,fh_off,omniscient,fixed_partial,cw,10.0,4,0.49815,1.0,0.26585,100000.0,1,10.0,8
lstm,fh_off,omniscient,fixed_partial,partial_band,-10.0,4,0.2372,1.0,0.26585,100000.0,1,10.0,8
lstm,fh_off,omniscient,fixed_partial,partial_band,-6.0,4,0.22275,1.0,0.26585,100000.0,1,10.0,8
lstm,fh_off,omniscient,fixed_partial,partial_band,-2.0,4,0.32545,1.0,0.26585,100000.0,1,10.0,8
lstm,fh_off,omniscient,fixed_partial,partial_band,2.0,4,0.48455,1.0,0.26585,100000.0,1,10.0,8
lstm,fh_off,omniscient,fixed_partial,partial_band,6.0,4,0.501,1.0,0.26585,100000.0,1,10.0,8
lstm,fh_off,omniscient,fixed_partial,partial_band,10.0,4,0.50125,1.0,0.26585,100000.0,1,10.0,8
lstm,fh_off,omniscient,sweep,cw,-10.0,0,0.2335,1.0,0.26655,100000.0,1,10.0,8
lstm,fh_off,omniscient,sweep,cw,-6.0,0,0.34335,1.0,0.26655,100000.0,1,10.0,8
lstm,fh_off,omniscient,sweep,cw,-2.0,0,0.49515,1.0,0.26655,100000.0,1,10.0,8
lstm,fh_off,omniscient,sweep,cw,2.0,0,0.5017,1.0,0.26655,100000.0,1,10.0,8
lstm,fh_off,omniscient,sweep,cw,6.0,0,0.5017,1.0,0.26655,100000.0,1,10.0,8
lstm,fh_off,omniscient,sweep,cw,10.0,0,0.5017,1.0,0.26655,100000.0,1,10.0,8
lstm,fh_off,omniscient,sweep,partial_band,-10.0,0,0.23665,1.0,0.26655,100000.0,1,10.0,8
lstm,fh_off,omniscient,sweep,partial_band,-6.0,0,0.2265,1.0,0.26655,100000.0,1,10.0,8
lstm,fh_off,omniscient,sweep,partial_band,-2.0,0,0.3598,1.0,0.26655,100000.0,1,10.0,8
lstm,fh_off,omniscient,sweep,partial_band,2.0,0,0.49345,1.0,0.26655,100000.0,1,10.0,8
lstm,fh_off,omniscient,sweep,partial_band,6.0,0,0.50165,1.0,0.26655,100000.0,1,10.0,8
lstm,fh_off,omniscient,sweep,partial_band,10.0,0,0.5017,1.0,0.26655,100000.0,1,10.0,8
lstm,fh_off,omniscient,sweep,cw,-10.0,1,0.2158,1.0,0.2628,100000.0,1,10.0,8
lstm,fh_off,omniscient,sweep,cw,-6.0,1,0.2575,1.0,0.2628,100000.0,1,10.0,8
lstm,fh_off,omniscient,sweep,cw,-2.0,1,0.4869,1.0,0.2628,100000.0,1,10.0,8
lstm,fh_off,omniscient,sweep,cw,2.0,1,0.5067,1.0,0.2628,100000.0,1,10.0,8
lstm,fh_off,omniscient,sweep,cw,6.0,1,0.5075,1.0,0.2628,100000.0,1,10.0,8
lstm,fh_off,omniscient,sweep,cw,10.0,1,0.5075,1.0,0.2628,100000.0,1,10.0,8
lstm,fh_off,omniscient,sweep,partial_band,-10.0,1,0.28955,1.0,0.2628,100000.0,1,10.0,8
lstm,fh_off,omniscient,sweep,partial_band,-6.0,1,0.33475,1.0,0.2628,100000.0,1,10.0,8
lstm,fh_off,omniscient,sweep,partial_band,-2.0,1,0.422,1.0,0.2628,100000.0,1,10.0,8
lstm,fh_off,omniscient,sweep,partial_band,2.0,1,0.48,1.0,0.2628,100000.0,1,10.0,8
lstm,fh_off,omniscient,sweep,partial_band,6.0,1,0.48975,1.0,0.2628,100000.0,1,10.0,8
lstm,fh_off,omniscient,sweep,partial_band,10.0,1,0.49265,1.0,0.2628,100000.0,1,10.0,8
lstm,fh_off,omniscient,sweep,cw,-10.0,2,0.25555,1.0,0.26745,100000.0,1,10.0,8
lstm,fh_off,omniscient,sweep,cw,-6.0,2,0.23585,1.0,0.26745,100000.0,1,10.0,8
lstm,fh_off,omniscient,sweep,cw,-2.0,2,0.19315,1.0,0.26745,100000.0,1,10.0,8
lstm,fh_off,omniscient,sweep,cw,2.0,2,0.29145,1.0,0.26745,100000.0,1,10.0,8
lstm,fh_off,omniscient,sweep,cw,6.0,2,0.4985,1.0,0.26745,100000.0,1,10.0,8
lstm,fh_off,omniscient,sweep,cw,10.0,2,0.49995,1.0,0.26745,100000.0,1,10.0,8
lstm,fh_off,omniscient,sweep,partial_band,-10.0,2,0.32115,1.0,0.26745,100000.0,1,10.0,8
lstm,fh_off,omniscient,sweep,partial_band,-6.0,2,0.3947,1.0,0.26745,100000.0,1,10.0,8
lstm,fh_off,omniscient,sweep,partial_band,-2.0,2,0.47785,1.0,0.26745,100000.0,1,10.0,8
lstm,fh_off,omniscient,sweep,partial_band,2.0,2,0.50025,1.0,0.26745,100000.0,1,10.0,8
lstm,fh_off,omniscient,sweep,partial_band,6.0,2,0.49765,1.0,0.26745,100000.0,1,10.0,8
lstm,fh_off,omniscient,sweep,partial_band,10.0,2,0.501,1.0,0.26745,100000.0,1,10.0,8
lstm,fh_off,omniscient,sweep,cw,-10.0,3,0.3258,1.0,0.28415,100000.0,1,10.0,8
lstm,fh_off,omniscient,sweep,cw,-6.0,3,0.38815,1.0,0.28415,100000.0,1,10.0,8
lstm,fh_off,omniscient,sweep,cw,-2.0,3,0.46045,1.0,0.28415,100000.0,1,10.0,8
lstm,fh_off,omniscient,sweep,cw,2.0,3,0.49765,1.0,0.28415,100000.0,1,10.0,8
lstm,fh_off,omniscient,sweep,cw,6.0,3,0.49665,1.0,0.28415,100000.0,1,10.0,8
lstm,fh_off,omniscient,sweep,cw,10.0,3,0.49945,1.0,0.28415,100000.0,1,10.0,8
lstm,fh_off,omniscient,sweep,partial_band,-10.0,3,0.31715,1.0,0.28415,100000.0,1,10.0,8
lstm,fh_off,omniscient,sweep,partial_band,-6.0,3,0.3718,1.0,0.28415,100000.0,1,10.0,8
lstm,fh_off,omniscient,sweep,partial_band,-2.0,3,0.4463,1.0,0.28415,100000.0,1,10.0,8
lstm,fh_off,omniscient,sweep,partial_band,2.0,3,0.48975,1.0,0.28415,100000.0,1,10.0,8
lstm,fh_off,omniscient,sweep,partial_band,6.0,3,0.4972,1.0,0.28415,100000.0,1,10.0,8
lstm,fh_off,omniscient,sweep,partial_band,10.0,3,0.49925,1.0,0.28415,100000.0,1,10.0,8
lstm,fh_off,omniscient,sweep,cw,-10.0,4,0.3187,1.0,0.2623,100000.0,1,10.0,8
lstm,fh_off,omniscient,sweep,cw,-6.0,4,0.3966,1.0,0.2623,100000.0,1,10.0,8
lstm,fh_off,omniscient,sweep,cw,-2.0,4,0.48395,1.0,0.2623,100000.0,1,10.0,8
lstm,fh_off,omniscient,sweep,cw,2.0,4,0.49115,1.0,0.2623,100000.0,1,10.0,8
lstm,fh_off,omniscient,sweep,cw,6.0,4,0.496,1.0,0.2623,100000.0,1,10.0,8
lstm,fh_off,omniscient,sweep,cw,10.0,4,0.5016,1.0,0.2623,100000.0,1,10.0,8
lstm,fh_off,omniscient,sweep,partial_band,-10.0,4,0.2352,1.0,0.2623,100000.0,1,10.0,8
lstm,fh_off,omniscient,sweep,partial_band,-6.0,4,0.2217,1.0,0.2623,100000.0,1,10.0,8
lstm,fh_off,omniscient,sweep,partial_band,-2.0,4,0.3373,1.0,0.2623,100000.0,1,10.0,8
lstm,fh_off,omniscient,sweep,partial_band,2.0,4,0.48415,1.0,0.2623,100000.0,1,10.0,8
lstm,fh_off,omniscient,sweep,partial_band,6.0,4,0.4988,1.0,0.2623,100000.0,1,10.0,8
lstm,fh_off,omniscient,sweep,partial_band,10.0,4,0.499,1.0,0.2623,100000.0,1,10.0,8
lstm,fh_off,omniscient,follower,cw,-10.0,0,0.24505,1.0,0.27465,100000.0,1,10.0,8
lstm,fh_off,omniscient,follower,cw,-6.0,0,0.3366,1.0,0.27465,100000.0,1,10.0,8
lstm,fh_off,omniscient,follower,cw,-2.0,0,0.4989,1.0,0.27465,100000.0,1,10.0,8
lstm,fh_off,omniscient,follower,cw,2.0,0,0.50345,1.0,0.27465,100000.0,1,10.0,8
lstm,fh_off,omniscient,follower,cw,6.0,0,0.50345,1.0,0.27465,100000.0,1,10.0,8
lstm,fh_off,omniscient,follower,cw,10.0,0,0.50345,1.0,0.27465,100000.0,1,10.0,8
lstm,fh_off,omniscient,follower,partial_band,-10.0,0,0.24495,1.0,0.27465,100000.0,1,10.0,8
lstm,fh_off,omniscient,follower,partial_band,-6.0,0,0.23035,1.0,0.27465,100000.0,1,10.0,8
lstm,fh_off,omniscient,follower,partial_band,-2.0,0,0.35615,1.0,0.27465,100000.0,1,10.0,8
lstm,fh_off,omniscient,follower,partial_band,2.0,0,0.494,1.0,0.27465,100000.0,1,10.0,8
lstm,fh_off,omniscient,follower,partial_band,6.0,0,0.50335,1.0,0.27465,100000.0,1,10.0,8
lstm,fh_off,omniscient,follower,partial_band,10.0,0,0.50345,1.0,0.27465,100000.0,1,10.0,8
lstm,fh_off,omniscient,follower,cw,-10.0,1,0.2384,1.0,0.2817,100000.0,1,10.0,8
lstm,fh_off,omniscient,follower,cw,-6.0,1,0.2707,1.0,0.2817,100000.0,1,10.0,8
lstm,fh_off,omniscient,follower,cw,-2.0,1,0.4811,1.0,0.2817,100000.0,1,10.0,8
lstm,fh_off,omniscient,follower,cw,2.0,1,0.50035,1.0,0.2817,100000.0,1,10.0,8
lstm,fh_off,omniscient,follower,cw,6.0,1,0.50235,1.0,0.2817,100000.0,1,10.0,8
lstm,fh_off,omniscient,follower,cw,10.0,1,0.50235,1.0,0.2817,100000.0,1,10.0,8
lstm,fh_off,omniscient,follower,partial_band,-10.0,1,0.3062,1.0,0.2817,100000.0,1,10.0,8
lstm,fh_off,omniscient,follower,partial_band,-6.0,1,0.35065,1.0,0.2817,100000.0,1,10.0,8
lstm,fh_off,omniscient,follower,partial_band,-2.0,1,0.42765,1.0,0.2817,100000.0,1,10.0,8
lstm,fh_off,omniscient,follower,partial_band,2.0,1,0.48535,1.0,0.2817,100000.0,1,10.0,8
lstm,fh_off,omniscient,follower,partial_band,6.0,1,0.4929,1.0,0.2817,100000.0,1,10.0,8
lstm,fh_off,omniscient,follower,partial_band,10.0,1,0.49755,1.0,0.2817,100000.0,1,10.0,8
lstm,fh_off,omniscient,follower,cw,-10.0,2,0.2557,1.0,0.26815,100000.0,1,10.0,8
lstm,fh_off,omniscient,follower,cw,-6.0,2,0.2334,1.0,0.26815,100000.0,1,10.0,8
lstm,fh_off,omniscient,follower,cw,-2.0,2,0.18885,1.0,0.26815,100000.0,1,10.0,8
lstm,fh_off,omniscient,follower,cw,2.0,2,0.28075,1.0,0.26815,100000.0,1,10.0,8
lstm,fh_off,omniscient,follower,cw,6.0,2,0.49505,1.0,0.26815,100000.0,1,10.0,8
lstm,fh_off,omniscient,follower,cw,10.0,2,0.4961,1.0,0.26815,100000.0,1,10.0,8
lstm,fh_off,omniscient,follower,partial_band,-10.0,2,0.32065,1.0,0.26815,100000.0,1,10.0,8
lstm,fh_off,omniscient,follower,partial_band,-6.0,2,0.3958,1.0,0.26815,100000.0,1,10.0,8
lstm,fh_off,omniscient,follower,partial_band,-2.0,2,0.476,1.0,0.26815,100000.0,1,10.0,8
lstm,fh_off,omniscient,follower,partial_band,2.0,2,0.49425,1.0,0.26815,100000.0,1,10.0,8
lstm,fh_off,omniscient,follower,partial_band,6.0,2,0.4981,1.0,0.26815,100000.0,1,10.0,8
lstm,fh_off,omniscient,follower,partial_band,10.0,2,0.50285,1.0,0.26815,100000.0,1,10.0,8
lstm,fh_off,omniscient,follower,cw,-10.0,3,0.3261,1.0,0.28265,100000.0,1,10.0,8
lstm,fh_off,omniscient,follower,cw,-6.0,3,0.3915,1.0,0.28265,100000.0,1,10.0,8
lstm,fh_off,omniscient,follower,cw,-2.0,3,0.4654,1.0,0.28265,100000.0,1,10.0,8
lstm,fh_off,omniscient,follower,cw,2.0,3,0.49435,1.0,0.28265,100000.0,1,10.0,8
lstm,fh_off,omniscient,follower,cw,6.0,3,0.49605,1.0,0.28265,100000.0,1,10.0,8
lstm,fh_off,omniscient,follower,cw,10.0,3,0.4987,1.0,0.28265,100000.0,1,10.0,8
lstm,fh_off,omniscient,follower,partial_band,-10.0,3,0.3208,1.0,0.28265,100000.0,1,10.0,8
lstm,fh_off,omniscient,follower,partial_band,-6.0,3,0.37525,1.0,0.28265,100000.0,1,10.0,8
lstm,fh_off,omniscient,follower,partial_band,-2.0,3,0.45095,1.0,0.28265,100000.0,1,10.0,8
lstm,fh_off,omniscient,follower,partial_band,2.0,3,0.49095,1.0,0.28265,100000.0,1,10.0,8
lstm,fh_off,omniscient,follower,partial_band,6.0,3,0.49555,1.0,0.28265,100000.0,1,10.0,8
lstm,fh_off,omniscient,follower,partial_band,10.0,3,0.49825,1.0,0.28265,100000.0,1,10.0,8
lstm,fh_off,omniscient,follower,cw,-10.0,4,0.32165,1.0,0.27065,100000.0,1,10.0,8
lstm,fh_off,omniscient,follower,cw,-6.0,4,0.3966,1.0,0.27065,100000.0,1,10.0,8
lstm,fh_off,omniscient,follower,cw,-2.0,4,0.481,1.0,0.27065,100000.0,1,10.0,8
lstm,fh_off,omniscient,follower,cw,2.0,4,0.48965,1.0,0.27065,100000.0,1,10.0,8
lstm,fh_off,omniscient,follower,cw,6.0,4,0.4944,1.0,0.27065,100000.0,1,10.0,8
lstm,fh_off,omniscient,follower,cw,10.0,4,0.5005,1.0,0.27065,100000.0,1,10.0,8
lstm,fh_off,omniscient,follower,partial_band,-10.0,4,0.2443,1.0,0.27065,100000.0,1,10.0,8
lstm,fh_off,omniscient,follower,partial_band,-6.0,4,0.2315,1.0,0.27065,100000.0,1,10.0,8
lstm,fh_off,omniscient,follower,partial_band,-2.0,4,0.3419,1.0,0.27065,100000.0,1,10.0,8
lstm,fh_off,omniscient,follower,partial_band,2.0,4,0.4857,1.0,0.27065,100000.0,1,10.0,8
lstm,fh_off,omniscient,follower,partial_band,6.0,4,0.49875,1.0,0.27065,100000.0,1,10.0,8
lstm,fh_off,omniscient,follower,partial_band,10.0,4,0.49885,1.0,0.27065,100000.0,1,10.0,8
lstm,fh_off_blind,band_agnostic,barrage,cw,-10.0,0,0.23985,1.0,0.2824,100000.0,1,10.0,8
lstm,fh_off_blind,band_agnostic,barrage,cw,-6.0,0,0.3457,1.0,0.2824,100000.0,1,10.0,8
lstm,fh_off_blind,band_agnostic,barrage,cw,-2.0,0,0.49775,1.0,0.2824,100000.0,1,10.0,8
lstm,fh_off_blind,band_agnostic,barrage,cw,2.0,0,0.50325,1.0,0.2824,100000.0,1,10.0,8
lstm,fh_off_blind,band_agnostic,barrage,cw,6.0,0,0.50315,1.0,0.2824,100000.0,1,10.0,8
lstm,fh_off_blind,band_agnostic,barrage,cw,10.0,0,0.50315,1.0,0.2824,100000.0,1,10.0,8
lstm,fh_off_blind,band_agnostic,barrage,partial_band,-10.0,0,0.2441,1.0,0.2824,100000.0,1,10.0,8
lstm,fh_off_blind,band_agnostic,barrage,partial_band,-6.0,0,0.23025,1.0,0.2824,100000.0,1,10.0,8
lstm,fh_off_blind,band_agnostic,barrage,partial_band,-2.0,0,0.3513,1.0,0.2824,100000.0,1,10.0,8
lstm,fh_off_blind,band_agnostic,barrage,partial_band,2.0,0,0.49395,1.0,0.2824,100000.0,1,10.0,8
lstm,fh_off_blind,band_agnostic,barrage,partial_band,6.0,0,0.503,1.0,0.2824,100000.0,1,10.0,8
lstm,fh_off_blind,band_agnostic,barrage,partial_band,10.0,0,0.50315,1.0,0.2824,100000.0,1,10.0,8
lstm,fh_off_blind,band_agnostic,barrage,cw,-10.0,1,0.21135,1.0,0.26355,100000.0,1,10.0,8
lstm,fh_off_blind,band_agnostic,barrage,cw,-6.0,1,0.25595,1.0,0.26355,100000.0,1,10.0,8
lstm,fh_off_blind,band_agnostic,barrage,cw,-2.0,1,0.48405,1.0,0.26355,100000.0,1,10.0,8
lstm,fh_off_blind,band_agnostic,barrage,cw,2.0,1,0.49895,1.0,0.26355,100000.0,1,10.0,8
lstm,fh_off_blind,band_agnostic,barrage,cw,6.0,1,0.4996,1.0,0.26355,100000.0,1,10.0,8
lstm,fh_off_blind,band_agnostic,barrage,cw,10.0,1,0.4996,1.0,0.26355,100000.0,1,10.0,8
lstm,fh_off_blind,band_agnostic,barrage,partial_band,-10.0,1,0.2892,1.0,0.26355,100000.0,1,10.0,8
lstm,fh_off_blind,band_agnostic,barrage,partial_band,-6.0,1,0.3362,1.0,0.26355,100000.0,1,10.0,8
lstm,fh_off_blind,band_agnostic,barrage,partial_band,-2.0,1,0.4248,1.0,0.26355,100000.0,1,10.0,8
lstm,fh_off_blind,band_agnostic,barrage,partial_band,2.0,1,0.4872,1.0,0.26355,100000.0,1,10.0,8
lstm,fh_off_blind,band_agnostic,barrage,partial_band,6.0,1,0.49405,1.0,0.26355,100000.0,1,10.0,8
lstm,fh_off_blind,band_agnostic,barrage,partial_band,10.0,1,0.5008,1.0,0.26355,100000.0,1,10.0,8
lstm,fh_off_blind,band_agnostic,barrage,cw,-10.0,2,0.26285,1.0,0.2741,100000.0,1,10.0,8
lstm,fh_off_blind,band_agnostic,barrage,cw,-6.0,2,0.2424,1.0,0.2741,100000.0,1,10.0,8
lstm,fh_off_blind,band_agnostic,barrage,cw,-2.0,2,0.19845,1.0,0.2741,100000.0,1,10.0,8
lstm,fh_off_blind,band_agnostic,barrage,cw,2.0,2,0.28245,1.0,0.2741,100000.0,1,10.0,8
lstm,fh_off_blind,band_agnostic,barrage,cw,6.0,2,0.50035,1.0,0.2741,100000.0,1,10.0,8
lstm,fh_off_blind,band_agnostic,barrage,cw,10.0,2,0.5027,1.0,0.2741,100000.0,1,10.0,8
lstm,fh_off_blind,band_agnostic,barrage,partial_band,-10.0,2,0.3266,1.0,0.2741,100000.0,1,10.0,8
lstm,fh_off_blind,band_agnostic,barrage,partial_band,-6.0,2,0.3927,1.0,0.2741,100000.0,1,10.0,8
lstm,fh_off_blind,band_agnostic,barrage,partial_band,-2.0,2,0.46935,1.0,0.2741,100000.0,1,10.0,8
lstm,fh_off_blind,band_agnostic,barrage,partial_band,2.0,2,0.4981,1.0,0.2741,100000.0,1,10.0,8
lstm,fh_off_blind,band_agnostic,barrage,partial_band,6.0,2,0.493,1.0,0.2741,100000.0,1,10.0,8
lstm,fh_off_blind,band_agnostic,barrage,partial_band,10.0,2,0.49635,1.0,0.2741,100000.0,1,10.0,8
lstm,fh_off_blind,band_agnostic,barrage,cw,-10.0,3,0.32755,1.0,0.2861,100000.0,1,10.0,8
lstm,fh_off_blind,band_agnostic,barrage,cw,-6.0,3,0.38745,1.0,0.2861,100000.0,1,10.0,8
lstm,fh_off_blind,band_agnostic,barrage,cw,-2.0,3,0.46145,1.0,0.2861,100000.0,1,10.0,8
lstm,fh_off_blind,band_agnostic,barrage,cw,2.0,3,0.4963,1.0,0.2861,100000.0,1,10.0,8
lstm,fh_off_blind,band_agnostic,barrage,cw,6.0,3,0.49745,1.0,0.2861,100000.0,1,10.0,8
lstm,fh_off_blind,band_agnostic,barrage,cw,10.0,3,0.4997,1.0,0.2861,100000.0,1,10.0,8
lstm,fh_off_blind,band_agnostic,barrage,partial_band,-10.0,3,0.32,1.0,0.2861,100000.0,1,10.0,8
lstm,fh_off_blind,band_agnostic,barrage,partial_band,-6.0,3,0.3708,1.0,0.2861,100000.0,1,10.0,8
lstm,fh_off_blind,band_agnostic,barrage,partial_band,-2.0,3,0.44565,1.0,0.2861,100000.0,1,10.0,8
lstm,fh_off_blind,band_agnostic,barrage,partial_band,2.0,3,0.4893,1.0,0.2861,100000.0,1,10.0,8
lstm,fh_off_blind,band_agnostic,barrage,partial_band,6.0,3,0.49835,1.0,0.2861,100000.0,1,10.0,8
lstm,fh_off_blind,band_agnostic,barrage,partial_band,10.0,3,0.4996,1.0,0.2861,100000.0,1,10.0,8
lstm,fh_off_blind,band_agnostic,barrage,cw,-10.0,4,0.326,1.0,0.28055,100000.0,1,10.0,8
lstm,fh_off_blind,band_agnostic,barrage,cw,-6.0,4,0.3962,1.0,0.28055,100000.0,1,10.0,8
lstm,fh_off_blind,band_agnostic,barrage,cw,-2.0,4,0.4772,1.0,0.28055,100000.0,1,10.0,8
lstm,fh_off_blind,band_agnostic,barrage,cw,2.0,4,0.483,1.0,0.28055,100000.0,1,10.0,8
lstm,fh_off_blind,band_agnostic,barrage,cw,6.0,4,0.4922,1.0,0.28055,100000.0,1,10.0,8
lstm,fh_off_blind,band_agnostic,barrage,cw,10.0,4,0.496,1.0,0.28055,100000.0,1,10.0,8
lstm,fh_off_blind,band_agnostic,barrage,partial_band,-10.0,4,0.25095,1.0,0.28055,100000.0,1,10.0,8
lstm,fh_off_blind,band_agnostic,barrage,partial_band,-6.0,4,0.2392,1.0,0.28055,100000.0,1,10.0,8
lstm,fh_off_blind,band_agnostic,barrage,partial_band,-2.0,4,0.35045,1.0,0.28055,100000.0,1,10.0,8
lstm,fh_off_blind,band_agnostic,barrage,partial_band,2.0,4,0.4908,1.0,0.28055,100000.0,1,10.0,8
lstm,fh_off_blind,band_agnostic,barrage,partial_band,6.0,4,0.50385,1.0,0.28055,100000.0,1,10.0,8
lstm,fh_off_blind,band_agnostic,barrage,partial_band,10.0,4,0.50415,1.0,0.28055,100000.0,1,10.0,8
lstm,fh_off_blind,band_agnostic,fixed_partial,cw,-10.0,0,0.2673,0.0,0.2673,100000.0,1,10.0,8
lstm,fh_off_blind,band_agnostic,fixed_partial,cw,-6.0,0,0.2673,0.0,0.2673,100000.0,1,10.0,8
lstm,fh_off_blind,band_agnostic,fixed_partial,cw,-2.0,0,0.2673,0.0,0.2673,100000.0,1,10.0,8
lstm,fh_off_blind,band_agnostic,fixed_partial,cw,2.0,0,0.2673,0.0,0.2673,100000.0,1,10.0,8
lstm,fh_off_blind,band_agnostic,fixed_partial,cw,6.0,0,0.2673,0.0,0.2673,100000.0,1,10.0,8
lstm,fh_off_blind,band_agnostic,fixed_partial,cw,10.0,0,0.2673,0.0,0.2673,100000.0,1,10.0,8
lstm,fh_off_blind,band_agnostic,fixed_partial,partial_band,-10.0,0,0.2673,0.0,0.2673,100000.0,1,10.0,8
lstm,fh_off_blind,band_agnostic,fixed_partial,partial_band,-6.0,0,0.2673,0.0,0.2673,100000.0,1,10.0,8
lstm,fh_off_blind,band_agnostic,fixed_partial,partial_band,-2.0,0,0.2673,0.0,0.2673,100000.0,1,10.0,8
lstm,fh_off_blind,band_agnostic,fixed_partial,partial_band,2.0,0,0.2673,0.0,0.2673,100000.0,1,10.0,8
lstm,fh_off_blind,band_agnostic,fixed_partial,partial_band,6.0,0,0.2673,0.0,0.2673,100000.0,1,10.0,8
lstm,fh_off_blind,band_agnostic,fixed_partial,partial_band,10.0,0,0.2673,0.0,0.2673,100000.0,1,10.0,8
lstm,fh_off_blind,band_agnostic,fixed_partial,cw,-10.0,1,0.274,0.0,0.274,100000.0,1,10.0,8
lstm,fh_off_blind,band_agnostic,fixed_partial,cw,-6.0,1,0.274,0.0,0.274,100000.0,1,10.0,8
lstm,fh_off_blind,band_agnostic,fixed_partial,cw,-2.0,1,0.274,0.0,0.274,100000.0,1,10.0,8
lstm,fh_off_blind,band_agnostic,fixed_partial,cw,2.0,1,0.274,0.0,0.274,100000.0,1,10.0,8
lstm,fh_off_blind,band_agnostic,fixed_partial,cw,6.0,1,0.274,0.0,0.274,100000.0,1,10.0,8
lstm,fh_off_blind,band_agnostic,fixed_partial,cw,10.0,1,0.274,0.0,0.274,100000.0,1,10.0,8
lstm,fh_off_blind,band_agnostic,fixed_partial,partial_band,-10.0,1,0.274,0.0,0.274,100000.0,1,10.0,8
lstm,fh_off_blind,band_agnostic,fixed_partial,partial_band,-6.0,1,0.274,0.0,0.274,100000.0,1,10.0,8
lstm,fh_off_blind,band_agnostic,fixed_partial,partial_band,-2.0,1,0.274,0.0,0.274,100000.0,1,10.0,8
lstm,fh_off_blind,band_agnostic,fixed_partial,partial_band,2.0,1,0.274,0.0,0.274,100000.0,1,10.0,8
lstm,fh_off_blind,band_agnostic,fixed_partial,partial_band,6.0,1,0.274,0.0,0.274,100000.0,1,10.0,8
lstm,fh_off_blind,band_agnostic,fixed_partial,partial_band,10.0,1,0.274,0.0,0.274,100000.0,1,10.0,8
lstm,fh_off_blind,band_agnostic,fixed_partial,cw,-10.0,2,0.2747,0.0,0.2747,100000.0,1,10.0,8
lstm,fh_off_blind,band_agnostic,fixed_partial,cw,-6.0,2,0.2747,0.0,0.2747,100000.0,1,10.0,8
lstm,fh_off_blind,band_agnostic,fixed_partial,cw,-2.0,2,0.2747,0.0,0.2747,100000.0,1,10.0,8
lstm,fh_off_blind,band_agnostic,fixed_partial,cw,2.0,2,0.2747,0.0,0.2747,100000.0,1,10.0,8
lstm,fh_off_blind,band_agnostic,fixed_partial,cw,6.0,2,0.2747,0.0,0.2747,100000.0,1,10.0,8
lstm,fh_off_blind,band_agnostic,fixed_partial,cw,10.0,2,0.2747,0.0,0.2747,100000.0,1,10.0,8
lstm,fh_off_blind,band_agnostic,fixed_partial,partial_band,-10.0,2,0.2747,0.0,0.2747,100000.0,1,10.0,8
lstm,fh_off_blind,band_agnostic,fixed_partial,partial_band,-6.0,2,0.2747,0.0,0.2747,100000.0,1,10.0,8
lstm,fh_off_blind,band_agnostic,fixed_partial,partial_band,-2.0,2,0.2747,0.0,0.2747,100000.0,1,10.0,8
lstm,fh_off_blind,band_agnostic,fixed_partial,partial_band,2.0,2,0.2747,0.0,0.2747,100000.0,1,10.0,8
lstm,fh_off_blind,band_agnostic,fixed_partial,partial_band,6.0,2,0.2747,0.0,0.2747,100000.0,1,10.0,8
lstm,fh_off_blind,band_agnostic,fixed_partial,partial_band,10.0,2,0.2747,0.0,0.2747,100000.0,1,10.0,8
lstm,fh_off_blind,band_agnostic,fixed_partial,cw,-10.0,3,0.31405,1.0,0.27025,100000.0,1,10.0,8
lstm,fh_off_blind,band_agnostic,fixed_partial,cw,-6.0,3,0.37535,1.0,0.27025,100000.0,1,10.0,8
lstm,fh_off_blind,band_agnostic,fixed_partial,cw,-2.0,3,0.4563,1.0,0.27025,100000.0,1,10.0,8
lstm,fh_off_blind,band_agnostic,fixed_partial,cw,2.0,3,0.4903,1.0,0.27025,100000.0,1,10.0,8
lstm,fh_off_blind,band_agnostic,fixed_partial,cw,6.0,3,0.49595,1.0,0.27025,100000.0,1,10.0,8
lstm,fh_off_blind,band_agnostic,fixed_partial,cw,10.0,3,0.49575,1.0,0.27025,100000.0,1,10.0,8
lstm,fh_off_blind,band_agnostic,fixed_partial,partial_band,-10.0,3,0.30705,1.0,0.27025,100000.0,1,10.0,8
lstm,fh_off_blind,band_agnostic,fixed_partial,partial_band,-6.0,3,0.36075,1.0,0.27025,100000.0,1,10.0,8
lstm,fh_off_blind,band_agnostic,fixed_partial,partial_band,-2.0,3,0.43545,1.0,0.27025,100000.0,1,10.0,8
lstm,fh_off_blind,band_agnostic,fixed_partial,partial_band,2.0,3,0.4847,1.0,0.27025,100000.0,1,10.0,8
lstm,fh_off_blind,band_agnostic,fixed_partial,partial_band,6.0,3,0.49485,1.0,0.27025,100000.0,1,10.0,8
lstm,fh_off_blind,band_agnostic,fixed_partial,partial_band,10.0,3,0.49595,1.0,0.27025,100000.0,1,10.0,8
lstm,fh_off_blind,band_agnostic,fixed_partial,cw,-10.0,4,0.32195,1.0,0.26585,100000.0,1,10.0,8
lstm,fh_off_blind,band_agnostic,fixed_partial,cw,-6.0,4,0.4009,1.0,0.26585,100000.0,1,10.0,8
lstm,fh_off_blind,band_agnostic,fixed_partial,cw,-2.0,4,0.4788,1.0,0.26585,100000.0,1,10.0,8
lstm,fh_off_blind,band_agnostic,fixed_partial,cw,2.0,4,0.4894,1.0,0.26585,100000.0,1,10.0,8
lstm,fh_off_blind,band_agnostic,fixed_partial,cw,6.0,4,0.4929,1.0,0.26585,100000.0,1,10.0,8
lstm,fh_off_blind,band_agnostic,fixed_partial,cw,10.0,4,0.49815,1.0,0.26585,100000.0,1,10.0,8
lstm,fh_off_blind,band_agnostic,fixed_partial,partial_band,-10.0,4,0.2372,1.0,0.26585,100000.0,1,10.0,8
lstm,fh_off_blind,band_agnostic,fixed_partial,partial_band,-6.0,4,0.22275,1.0,0.26585,100000.0,1,10.0,8
lstm,fh_off_blind,band_agnostic,fixed_partial,partial_band,-2.0,4,0.32545,1.0,0.26585,100000.0,1,10.0,8
lstm,fh_off_blind,band_agnostic,fixed_partial,partial_band,2.0,4,0.48455,1.0,0.26585,100000.0,1,10.0,8
lstm,fh_off_blind,band_agnostic,fixed_partial,partial_band,6.0,4,0.501,1.0,0.26585,100000.0,1,10.0,8
lstm,fh_off_blind,band_agnostic,fixed_partial,partial_band,10.0,4,0.50125,1.0,0.26585,100000.0,1,10.0,8
lstm,fh_off_blind,band_agnostic,sweep,cw,-10.0,0,0.2627,0.125,0.26655,100000.0,1,10.0,8
lstm,fh_off_blind,band_agnostic,sweep,cw,-6.0,0,0.2786,0.125,0.26655,100000.0,1,10.0,8
lstm,fh_off_blind,band_agnostic,sweep,cw,-2.0,0,0.29645,0.125,0.26655,100000.0,1,10.0,8
lstm,fh_off_blind,band_agnostic,sweep,cw,2.0,0,0.2973,0.125,0.26655,100000.0,1,10.0,8
lstm,fh_off_blind,band_agnostic,sweep,cw,6.0,0,0.2973,0.125,0.26655,100000.0,1,10.0,8
lstm,fh_off_blind,band_agnostic,sweep,cw,10.0,0,0.2973,0.125,0.26655,100000.0,1,10.0,8
lstm,fh_off_blind,band_agnostic,sweep,partial_band,-10.0,0,0.26235,0.125,0.26655,100000.0,1,10.0,8
lstm,fh_off_blind,band_agnostic,sweep,partial_band,-6.0,0,0.26195,0.125,0.26655,100000.0,1,10.0,8
lstm,fh_off_blind,band_agnostic,sweep,partial_band,-2.0,0,0.27955,0.125,0.26655,100000.0,1,10.0,8
lstm,fh_off_blind,band_agnostic,sweep,partial_band,2.0,0,0.29635,0.125,0.26655,100000.0,1,10.0,8
lstm,fh_off_blind,band_agnostic,sweep,partial_band,6.0,0,0.2973,0.125,0.26655,100000.0,1,10.0,8
lstm,fh_off_blind,band_agnostic,sweep,partial_band,10.0,0,0.2973,0.125,0.26655,100000.0,1,10.0,8
lstm,fh_off_blind,band_agnostic,sweep,cw,-10.0,1,0.25735,0.125,0.2628,100000.0,1,10.0,8
lstm,fh_off_blind,band_agnostic,sweep,cw,-6.0,1,0.2646,0.125,0.2628,100000.0,1,10.0,8
lstm,fh_off_blind,band_agnostic,sweep,cw,-2.0,1,0.29295,0.125,0.2628,100000.0,1,10.0,8
lstm,fh_off_blind,band_agnostic,sweep,cw,2.0,1,0.29565,0.125,0.2628,100000.0,1,10.0,8
lstm,fh_off_blind,band_agnostic,sweep,cw,6.0,1,0.2957,0.125,0.2628,100000.0,1,10.0,8
lstm,fh_off_blind,band_agnostic,sweep,cw,10.0,1,0.2957,0.125,0.2628,100000.0,1,10.0,8
lstm,fh_off_blind,band_agnostic,sweep,partial_band,-10.0,1,0.266,0.125,0.2628,100000.0,1,10.0,8
lstm,fh_off_blind,band_agnostic,sweep,partial_band,-6.0,1,0.2711,0.125,0.2628,100000.0,1,10.0,8
lstm,fh_off_blind,band_agnostic,sweep,partial_band,-2.0,1,0.2817,0.125,0.2628,100000.0,1,10.0,8
lstm,fh_off_blind,band_agnostic,sweep,partial_band,2.0,1,0.28955,0.125,0.2628,100000.0,1,10.0,8
lstm,fh_off_blind,band_agnostic,sweep,partial_band,6.0,1,0.29115,0.125,0.2628,100000.0,1,10.0,8
lstm,fh_off_blind,band_agnostic,sweep,partial_band,10.0,1,0.29165,0.125,0.2628,100000.0,1,10.0,8
lstm,fh_off_blind,band_agnostic,sweep,cw,-10.0,2,0.266,0.125,0.26745,100000.0,1,10.0,8
lstm,fh_off_blind,band_agnostic,sweep,cw,-6.0,2,0.2634,0.125,0.26745,100000.0,1,10.0,8
lstm,fh_off_blind,band_agnostic,sweep,cw,-2.0,2,0.25895,0.125,0.26745,100000.0,1,10.0,8
lstm,fh_off_blind,band_agnostic,sweep,cw,2.0,2,0.2703,0.125,0.26745,100000.0,1,10.0,8
lstm,fh_off_blind,band_agnostic,sweep,cw,6.0,2,0.2978,0.125,0.26745,100000.0,1,10.0,8
lstm,fh_off_blind,band_agnostic,sweep,cw,10.0,2,0.29805,0.125,0.26745,100000.0,1,10.0,8
lstm,fh_off_blind,band_agnostic,sweep,partial_band,-10.0,2,0.27375,0.125,0.26745,100000.0,1,10.0,8
lstm,fh_off_blind,band_agnostic,sweep,partial_band,-6.0,2,0.2834,0.125,0.26745,100000.0,1,10.0,8
lstm,fh_off_blind,band_agnostic,sweep,partial_band,-2.0,2,0.29275,0.125,0.26745,100000.0,1,10.0,8
lstm,fh_off_blind,band_agnostic,sweep,partial_band,2.0,2,0.29555,0.125,0.26745,100000.0,1,10.0,8
lstm,fh_off_blind,band_agnostic,sweep,partial_band,6.0,2,0.29515,0.125,0.26745,100000.0,1,10.0,8
lstm,fh_off_blind,band_agnostic,sweep,partial_band,10.0,2,0.29535,0.125,0.26745,100000.0,1,10.0,8
lstm,fh_off_blind,band_agnostic,sweep,cw,-10.0,3,0.2902,0.125,0.28415,100000.0,1,10.0,8
lstm,fh_off_blind,band_agnostic,sweep,cw,-6.0,3,0.2976,0.125,0.28415,100000.0,1,10.0,8
lstm,fh_off_blind,band_agnostic,sweep,cw,-2.0,3,0.3075,0.125,0.28415,100000.0,1,10.0,8
lstm,fh_off_blind,band_agnostic,sweep,cw,2.0,3,0.31085,0.125,0.28415,100000.0,1,10.0,8
lstm,fh_off_blind,band_agnostic,sweep,cw,6.0,3,0.3117,0.125,0.28415,100000.0,1,10.0,8
lstm,fh_off_blind,band_agnostic,sweep,cw,10.0,3,0.3117,0.125,0.28415,100000.0,1,10.0,8
lstm,fh_off_blind,band_agnostic,sweep,partial_band,-10.0,3,0.28845,0.125,0.28415,100000.0,1,10.0,8
lstm,fh_off_blind,band_agnostic,sweep,partial_band,-6.0,3,0.29565,0.125,0.28415,100000.0,1,10.0,8
lstm,fh_off_blind,band_agnostic,sweep,partial_band,-2.0,3,0.30475,0.125,0.28415,100000.0,1,10.0,8
lstm,fh_off_blind,band_agnostic,sweep,partial_band,2.0,3,0.31065,0.125,0.28415,100000.0,1,10.0,8
lstm,fh_off_blind,band_agnostic,sweep,partial_band,6.0,3,0.312,0.125,0.28415,100000.0,1,10.0,8
lstm,fh_off_blind,band_agnostic,sweep,partial_band,10.0,3,0.3117,0.125,0.28415,100000.0,1,10.0,8
lstm,fh_off_blind,band_agnostic,sweep,cw,-10.0,4,0.26895,0.125,0.2623,100000.0,1,10.0,8
lstm,fh_off_blind,band_agnostic,sweep,cw,-6.0,4,0.27835,0.125,0.2623,100000.0,1,10.0,8
lstm,fh_off_blind,band_agnostic,sweep,cw,-2.0,4,0.2894,0.125,0.2623,100000.0,1,10.0,8
lstm,fh_off_blind,band_agnostic,sweep,cw,2.0,4,0.2901,0.125,0.2623,100000.0,1,10.0,8
lstm,fh_off_blind,band_agnostic,sweep,cw,6.0,4,0.29065,0.125,0.2623,100000.0,1,10.0,8
lstm,fh_off_blind,band_agnostic,sweep,cw,10.0,4,0.2917,0.125,0.2623,100000.0,1,10.0,8
lstm,fh_off_blind,band_agnostic,sweep,partial_band,-10.0,4,0.25865,0.125,0.2623,100000.0,1,10.0,8
lstm,fh_off_blind,band_agnostic,sweep,partial_band,-6.0,4,0.2565,0.125,0.2623,100000.0,1,10.0,8
lstm,fh_off_blind,band_agnostic,sweep,partial_band,-2.0,4,0.27295,0.125,0.2623,100000.0,1,10.0,8
lstm,fh_off_blind,band_agnostic,sweep,partial_band,2.0,4,0.29105,0.125,0.2623,100000.0,1,10.0,8
lstm,fh_off_blind,band_agnostic,sweep,partial_band,6.0,4,0.29365,0.125,0.2623,100000.0,1,10.0,8
lstm,fh_off_blind,band_agnostic,sweep,partial_band,10.0,4,0.29365,0.125,0.2623,100000.0,1,10.0,8
lstm,fh_off_blind,band_agnostic,follower,cw,-10.0,0,0.27465,0.0,0.27465,100000.0,1,10.0,8
lstm,fh_off_blind,band_agnostic,follower,cw,-6.0,0,0.27465,0.0,0.27465,100000.0,1,10.0,8
lstm,fh_off_blind,band_agnostic,follower,cw,-2.0,0,0.27465,0.0,0.27465,100000.0,1,10.0,8
lstm,fh_off_blind,band_agnostic,follower,cw,2.0,0,0.27465,0.0,0.27465,100000.0,1,10.0,8
lstm,fh_off_blind,band_agnostic,follower,cw,6.0,0,0.27465,0.0,0.27465,100000.0,1,10.0,8
lstm,fh_off_blind,band_agnostic,follower,cw,10.0,0,0.27465,0.0,0.27465,100000.0,1,10.0,8
lstm,fh_off_blind,band_agnostic,follower,partial_band,-10.0,0,0.27465,0.0,0.27465,100000.0,1,10.0,8
lstm,fh_off_blind,band_agnostic,follower,partial_band,-6.0,0,0.27465,0.0,0.27465,100000.0,1,10.0,8
lstm,fh_off_blind,band_agnostic,follower,partial_band,-2.0,0,0.27465,0.0,0.27465,100000.0,1,10.0,8
lstm,fh_off_blind,band_agnostic,follower,partial_band,2.0,0,0.27465,0.0,0.27465,100000.0,1,10.0,8
lstm,fh_off_blind,band_agnostic,follower,partial_band,6.0,0,0.27465,0.0,0.27465,100000.0,1,10.0,8
lstm,fh_off_blind,band_agnostic,follower,partial_band,10.0,0,0.27465,0.0,0.27465,100000.0,1,10.0,8
lstm,fh_off_blind,band_agnostic,follower,cw,-10.0,1,0.2817,0.0,0.2817,100000.0,1,10.0,8
lstm,fh_off_blind,band_agnostic,follower,cw,-6.0,1,0.2817,0.0,0.2817,100000.0,1,10.0,8
lstm,fh_off_blind,band_agnostic,follower,cw,-2.0,1,0.2817,0.0,0.2817,100000.0,1,10.0,8
lstm,fh_off_blind,band_agnostic,follower,cw,2.0,1,0.2817,0.0,0.2817,100000.0,1,10.0,8
lstm,fh_off_blind,band_agnostic,follower,cw,6.0,1,0.2817,0.0,0.2817,100000.0,1,10.0,8
lstm,fh_off_blind,band_agnostic,follower,cw,10.0,1,0.2817,0.0,0.2817,100000.0,1,10.0,8
lstm,fh_off_blind,band_agnostic,follower,partial_band,-10.0,1,0.2817,0.0,0.2817,100000.0,1,10.0,8
lstm,fh_off_blind,band_agnostic,follower,partial_band,-6.0,1,0.2817,0.0,0.2817,100000.0,1,10.0,8
lstm,fh_off_blind,band_agnostic,follower,partial_band,-2.0,1,0.2817,0.0,0.2817,100000.0,1,10.0,8
lstm,fh_off_blind,band_agnostic,follower,partial_band,2.0,1,0.2817,0.0,0.2817,100000.0,1,10.0,8
lstm,fh_off_blind,band_agnostic,follower,partial_band,6.0,1,0.2817,0.0,0.2817,100000.0,1,10.0,8
lstm,fh_off_blind,band_agnostic,follower,partial_band,10.0,1,0.2817,0.0,0.2817,100000.0,1,10.0,8
lstm,fh_off_blind,band_agnostic,follower,cw,-10.0,2,0.26815,0.0,0.26815,100000.0,1,10.0,8
lstm,fh_off_blind,band_agnostic,follower,cw,-6.0,2,0.26815,0.0,0.26815,100000.0,1,10.0,8
lstm,fh_off_blind,band_agnostic,follower,cw,-2.0,2,0.26815,0.0,0.26815,100000.0,1,10.0,8
lstm,fh_off_blind,band_agnostic,follower,cw,2.0,2,0.26815,0.0,0.26815,100000.0,1,10.0,8
lstm,fh_off_blind,band_agnostic,follower,cw,6.0,2,0.26815,0.0,0.26815,100000.0,1,10.0,8
lstm,fh_off_blind,band_agnostic,follower,cw,10.0,2,0.26815,0.0,0.26815,100000.0,1,10.0,8
lstm,fh_off_blind,band_agnostic,follower,partial_band,-10.0,2,0.26815,0.0,0.26815,100000.0,1,10.0,8
lstm,fh_off_blind,band_agnostic,follower,partial_band,-6.0,2,0.26815,0.0,0.26815,100000.0,1,10.0,8
lstm,fh_off_blind,band_agnostic,follower,partial_band,-2.0,2,0.26815,0.0,0.26815,100000.0,1,10.0,8
lstm,fh_off_blind,band_agnostic,follower,partial_band,2.0,2,0.26815,0.0,0.26815,100000.0,1,10.0,8
lstm,fh_off_blind,band_agnostic,follower,partial_band,6.0,2,0.26815,0.0,0.26815,100000.0,1,10.0,8
lstm,fh_off_blind,band_agnostic,follower,partial_band,10.0,2,0.26815,0.0,0.26815,100000.0,1,10.0,8
lstm,fh_off_blind,band_agnostic,follower,cw,-10.0,3,0.28265,0.0,0.28265,100000.0,1,10.0,8
lstm,fh_off_blind,band_agnostic,follower,cw,-6.0,3,0.28265,0.0,0.28265,100000.0,1,10.0,8
lstm,fh_off_blind,band_agnostic,follower,cw,-2.0,3,0.28265,0.0,0.28265,100000.0,1,10.0,8
lstm,fh_off_blind,band_agnostic,follower,cw,2.0,3,0.28265,0.0,0.28265,100000.0,1,10.0,8
lstm,fh_off_blind,band_agnostic,follower,cw,6.0,3,0.28265,0.0,0.28265,100000.0,1,10.0,8
lstm,fh_off_blind,band_agnostic,follower,cw,10.0,3,0.28265,0.0,0.28265,100000.0,1,10.0,8
lstm,fh_off_blind,band_agnostic,follower,partial_band,-10.0,3,0.28265,0.0,0.28265,100000.0,1,10.0,8
lstm,fh_off_blind,band_agnostic,follower,partial_band,-6.0,3,0.28265,0.0,0.28265,100000.0,1,10.0,8
lstm,fh_off_blind,band_agnostic,follower,partial_band,-2.0,3,0.28265,0.0,0.28265,100000.0,1,10.0,8
lstm,fh_off_blind,band_agnostic,follower,partial_band,2.0,3,0.28265,0.0,0.28265,100000.0,1,10.0,8
lstm,fh_off_blind,band_agnostic,follower,partial_band,6.0,3,0.28265,0.0,0.28265,100000.0,1,10.0,8
lstm,fh_off_blind,band_agnostic,follower,partial_band,10.0,3,0.28265,0.0,0.28265,100000.0,1,10.0,8
lstm,fh_off_blind,band_agnostic,follower,cw,-10.0,4,0.27065,0.0,0.27065,100000.0,1,10.0,8
lstm,fh_off_blind,band_agnostic,follower,cw,-6.0,4,0.27065,0.0,0.27065,100000.0,1,10.0,8
lstm,fh_off_blind,band_agnostic,follower,cw,-2.0,4,0.27065,0.0,0.27065,100000.0,1,10.0,8
lstm,fh_off_blind,band_agnostic,follower,cw,2.0,4,0.27065,0.0,0.27065,100000.0,1,10.0,8
lstm,fh_off_blind,band_agnostic,follower,cw,6.0,4,0.27065,0.0,0.27065,100000.0,1,10.0,8
lstm,fh_off_blind,band_agnostic,follower,cw,10.0,4,0.27065,0.0,0.27065,100000.0,1,10.0,8
lstm,fh_off_blind,band_agnostic,follower,partial_band,-10.0,4,0.27065,0.0,0.27065,100000.0,1,10.0,8
lstm,fh_off_blind,band_agnostic,follower,partial_band,-6.0,4,0.27065,0.0,0.27065,100000.0,1,10.0,8
lstm,fh_off_blind,band_agnostic,follower,partial_band,-2.0,4,0.27065,0.0,0.27065,100000.0,1,10.0,8
lstm,fh_off_blind,band_agnostic,follower,partial_band,2.0,4,0.27065,0.0,0.27065,100000.0,1,10.0,8
lstm,fh_off_blind,band_agnostic,follower,partial_band,6.0,4,0.27065,0.0,0.27065,100000.0,1,10.0,8
lstm,fh_off_blind,band_agnostic,follower,partial_band,10.0,4,0.27065,0.0,0.27065,100000.0,1,10.0,8
lstm,fh_on,model,barrage,cw,-10.0,0,0.24045,1.0,0.2727,100000.0,1,10.0,8
lstm,fh_on,model,barrage,cw,-6.0,0,0.34085,1.0,0.2727,100000.0,1,10.0,8
lstm,fh_on,model,barrage,cw,-2.0,0,0.49655,1.0,0.2727,100000.0,1,10.0,8
lstm,fh_on,model,barrage,cw,2.0,0,0.50315,1.0,0.2727,100000.0,1,10.0,8
lstm,fh_on,model,barrage,cw,6.0,0,0.50315,1.0,0.2727,100000.0,1,10.0,8
lstm,fh_on,model,barrage,cw,10.0,0,0.50315,1.0,0.2727,100000.0,1,10.0,8
lstm,fh_on,model,barrage,partial_band,-10.0,0,0.2389,1.0,0.2727,100000.0,1,10.0,8
lstm,fh_on,model,barrage,partial_band,-6.0,0,0.227,1.0,0.2727,100000.0,1,10.0,8
lstm,fh_on,model,barrage,partial_band,-2.0,0,0.3554,1.0,0.2727,100000.0,1,10.0,8
lstm,fh_on,model,barrage,partial_band,2.0,0,0.49435,1.0,0.2727,100000.0,1,10.0,8
lstm,fh_on,model,barrage,partial_band,6.0,0,0.50315,1.0,0.2727,100000.0,1,10.0,8
lstm,fh_on,model,barrage,partial_band,10.0,0,0.50315,1.0,0.2727,100000.0,1,10.0,8
lstm,fh_on,model,barrage,cw,-10.0,1,0.22755,1.0,0.27325,100000.0,1,10.0,8
lstm,fh_on,model,barrage,cw,-6.0,1,0.26365,1.0,0.27325,100000.0,1,10.0,8
lstm,fh_on,model,barrage,cw,-2.0,1,0.4799,1.0,0.27325,100000.0,1,10.0,8
lstm,fh_on,model,barrage,cw,2.0,1,0.49815,1.0,0.27325,100000.0,1,10.0,8
lstm,fh_on,model,barrage,cw,6.0,1,0.4996,1.0,0.27325,100000.0,1,10.0,8
lstm,fh_on,model,barrage,cw,10.0,1,0.4996,1.0,0.27325,100000.0,1,10.0,8
lstm,fh_on,model,barrage,partial_band,-10.0,1,0.2992,1.0,0.27325,100000.0,1,10.0,8
lstm,fh_on,model,barrage,partial_band,-6.0,1,0.34525,1.0,0.27325,100000.0,1,10.0,8
lstm,fh_on,model,barrage,partial_band,-2.0,1,0.4277,1.0,0.27325,100000.0,1,10.0,8
lstm,fh_on,model,barrage,partial_band,2.0,1,0.48635,1.0,0.27325,100000.0,1,10.0,8
lstm,fh_on,model,barrage,partial_band,6.0,1,0.49395,1.0,0.27325,100000.0,1,10.0,8
lstm,fh_on,model,barrage,partial_band,10.0,1,0.49975,1.0,0.27325,100000.0,1,10.0,8
lstm,fh_on,model,barrage,cw,-10.0,2,0.26275,1.0,0.27445,100000.0,1,10.0,8
lstm,fh_on,model,barrage,cw,-6.0,2,0.24265,1.0,0.27445,100000.0,1,10.0,8
lstm,fh_on,model,barrage,cw,-2.0,2,0.2015,1.0,0.27445,100000.0,1,10.0,8
lstm,fh_on,model,barrage,cw,2.0,2,0.2857,1.0,0.27445,100000.0,1,10.0,8
lstm,fh_on,model,barrage,cw,6.0,2,0.5009,1.0,0.27445,100000.0,1,10.0,8
lstm,fh_on,model,barrage,cw,10.0,2,0.5027,1.0,0.27445,100000.0,1,10.0,8
lstm,fh_on,model,barrage,partial_band,-10.0,2,0.32335,1.0,0.27445,100000.0,1,10.0,8
lstm,fh_on,model,barrage,partial_band,-6.0,2,0.3918,1.0,0.27445,100000.0,1,10.0,8
lstm,fh_on,model,barrage,partial_band,-2.0,2,0.4712,1.0,0.27445,100000.0,1,10.0,8
lstm,fh_on,model,barrage,partial_band,2.0,2,0.4937,1.0,0.27445,100000.0,1,10.0,8
lstm,fh_on,model,barrage,partial_band,6.0,2,0.49225,1.0,0.27445,100000.0,1,10.0,8
lstm,fh_on,model,barrage,partial_band,10.0,2,0.4966,1.0,0.27445,100000.0,1,10.0,8
lstm,fh_on,model,barrage,cw,-10.0,3,0.31985,1.0,0.27625,100000.0,1,10.0,8
lstm,fh_on,model,barrage,cw,-6.0,3,0.38585,1.0,0.27625,100000.0,1,10.0,8
lstm,fh_on,model,barrage,cw,-2.0,3,0.45915,1.0,0.27625,100000.0,1,10.0,8
lstm,fh_on,model,barrage,cw,2.0,3,0.49535,1.0,0.27625,100000.0,1,10.0,8
lstm,fh_on,model,barrage,cw,6.0,3,0.49925,1.0,0.27625,100000.0,1,10.0,8
lstm,fh_on,model,barrage,cw,10.0,3,0.4997,1.0,0.27625,100000.0,1,10.0,8
lstm,fh_on,model,barrage,partial_band,-10.0,3,0.3121,1.0,0.27625,100000.0,1,10.0,8
lstm,fh_on,model,barrage,partial_band,-6.0,3,0.3675,1.0,0.27625,100000.0,1,10.0,8
lstm,fh_on,model,barrage,partial_band,-2.0,3,0.4425,1.0,0.27625,100000.0,1,10.0,8
lstm,fh_on,model,barrage,partial_band,2.0,3,0.48805,1.0,0.27625,100000.0,1,10.0,8
lstm,fh_on,model,barrage,partial_band,6.0,3,0.4986,1.0,0.27625,100000.0,1,10.0,8
lstm,fh_on,model,barrage,partial_band,10.0,3,0.4997,1.0,0.27625,100000.0,1,10.0,8
lstm,fh_on,model,barrage,cw,-10.0,4,0.32045,1.0,0.26735,100000.0,1,10.0,8
lstm,fh_on,model,barrage,cw,-6.0,4,0.3932,1.0,0.26735,100000.0,1,10.0,8
lstm,fh_on,model,barrage,cw,-2.0,4,0.47315,1.0,0.26735,100000.0,1,10.0,8
lstm,fh_on,model,barrage,cw,2.0,4,0.48585,1.0,0.26735,100000.0,1,10.0,8
lstm,fh_on,model,barrage,cw,6.0,4,0.48975,1.0,0.26735,100000.0,1,10.0,8
lstm,fh_on,model,barrage,cw,10.0,4,0.4962,1.0,0.26735,100000.0,1,10.0,8
lstm,fh_on,model,barrage,partial_band,-10.0,4,0.2396,1.0,0.26735,100000.0,1,10.0,8
lstm,fh_on,model,barrage,partial_band,-6.0,4,0.22595,1.0,0.26735,100000.0,1,10.0,8
lstm,fh_on,model,barrage,partial_band,-2.0,4,0.33985,1.0,0.26735,100000.0,1,10.0,8
lstm,fh_on,model,barrage,partial_band,2.0,4,0.48685,1.0,0.26735,100000.0,1,10.0,8
lstm,fh_on,model,barrage,partial_band,6.0,4,0.50395,1.0,0.26735,100000.0,1,10.0,8
lstm,fh_on,model,barrage,partial_band,10.0,4,0.5041,1.0,0.26735,100000.0,1,10.0,8
lstm,fh_on,model,fixed_partial,cw,-10.0,0,0.26465,0.25,0.27415,100000.0,1,10.0,8
lstm,fh_on,model,fixed_partial,cw,-6.0,0,0.2885,0.25,0.27415,100000.0,1,10.0,8
lstm,fh_on,model,fixed_partial,cw,-2.0,0,0.33015,0.25,0.27415,100000.0,1,10.0,8
lstm,fh_on,model,fixed_partial,cw,2.0,0,0.331,0.25,0.27415,100000.0,1,10.0,8
lstm,fh_on,model,fixed_partial,cw,6.0,0,0.331,0.25,0.27415,100000.0,1,10.0,8
lstm,fh_on,model,fixed_partial,cw,10.0,0,0.331,0.25,0.27415,100000.0,1,10.0,8
lstm,fh_on,model,fixed_partial,partial_band,-10.0,0,0.26405,0.25,0.27415,100000.0,1,10.0,8
lstm,fh_on,model,fixed_partial,partial_band,-6.0,0,0.2608,0.25,0.27415,100000.0,1,10.0,8
lstm,fh_on,model,fixed_partial,partial_band,-2.0,0,0.29325,0.25,0.27415,100000.0,1,10.0,8
lstm,fh_on,model,fixed_partial,partial_band,2.0,0,0.3296,0.25,0.27415,100000.0,1,10.0,8
lstm,fh_on,model,fixed_partial,partial_band,6.0,0,0.331,0.25,0.27415,100000.0,1,10.0,8
lstm,fh_on,model,fixed_partial,partial_band,10.0,0,0.331,0.25,0.27415,100000.0,1,10.0,8
lstm,fh_on,model,fixed_partial,cw,-10.0,1,0.2583,0.25,0.2696,100000.0,1,10.0,8
lstm,fh_on,model,fixed_partial,cw,-6.0,1,0.26775,0.25,0.2696,100000.0,1,10.0,8
lstm,fh_on,model,fixed_partial,cw,-2.0,1,0.32045,0.25,0.2696,100000.0,1,10.0,8
lstm,fh_on,model,fixed_partial,cw,2.0,1,0.32505,0.25,0.2696,100000.0,1,10.0,8
lstm,fh_on,model,fixed_partial,cw,6.0,1,0.32515,0.25,0.2696,100000.0,1,10.0,8
lstm,fh_on,model,fixed_partial,cw,10.0,1,0.32515,0.25,0.2696,100000.0,1,10.0,8
lstm,fh_on,model,fixed_partial,partial_band,-10.0,1,0.27645,0.25,0.2696,100000.0,1,10.0,8
lstm,fh_on,model,fixed_partial,partial_band,-6.0,1,0.2872,0.25,0.2696,100000.0,1,10.0,8
lstm,fh_on,model,fixed_partial,partial_band,-2.0,1,0.3072,0.25,0.2696,100000.0,1,10.0,8
lstm,fh_on,model,fixed_partial,partial_band,2.0,1,0.3215,0.25,0.2696,100000.0,1,10.0,8
lstm,fh_on,model,fixed_partial,partial_band,6.0,1,0.32215,0.25,0.2696,100000.0,1,10.0,8
lstm,fh_on,model,fixed_partial,partial_band,10.0,1,0.3233,0.25,0.2696,100000.0,1,10.0,8
lstm,fh_on,model,fixed_partial,cw,-10.0,2,0.2724,0.25,0.27445,100000.0,1,10.0,8
lstm,fh_on,model,fixed_partial,cw,-6.0,2,0.2687,0.25,0.27445,100000.0,1,10.0,8
lstm,fh_on,model,fixed_partial,cw,-2.0,2,0.2586,0.25,0.27445,100000.0,1,10.0,8
lstm,fh_on,model,fixed_partial,cw,2.0,2,0.28165,0.25,0.27445,100000.0,1,10.0,8
lstm,fh_on,model,fixed_partial,cw,6.0,2,0.33385,0.25,0.27445,100000.0,1,10.0,8
lstm,fh_on,model,fixed_partial,cw,10.0,2,0.33435,0.25,0.27445,100000.0,1,10.0,8
lstm,fh_on,model,fixed_partial,partial_band,-10.0,2,0.28955,0.25,0.27445,100000.0,1,10.0,8
lstm,fh_on,model,fixed_partial,partial_band,-6.0,2,0.3059,0.25,0.27445,100000.0,1,10.0,8
lstm,fh_on,model,fixed_partial,partial_band,-2.0,2,0.32605,0.25,0.27445,100000.0,1,10.0,8
lstm,fh_on,model,fixed_partial,partial_band,2.0,2,0.3341,0.25,0.27445,100000.0,1,10.0,8
lstm,fh_on,model,fixed_partial,partial_band,6.0,2,0.33315,0.25,0.27445,100000.0,1,10.0,8
lstm,fh_on,model,fixed_partial,partial_band,10.0,2,0.3345,0.25,0.27445,100000.0,1,10.0,8
lstm,fh_on,model,fixed_partial,cw,-10.0,3,0.27925,0.25,0.26825,100000.0,1,10.0,8
lstm,fh_on,model,fixed_partial,cw,-6.0,3,0.29635,0.25,0.26825,100000.0,1,10.0,8
lstm,fh_on,model,fixed_partial,cw,-2.0,3,0.3175,0.25,0.26825,100000.0,1,10.0,8
lstm,fh_on,model,fixed_partial,cw,2.0,3,0.32535,0.25,0.26825,100000.0,1,10.0,8
lstm,fh_on,model,fixed_partial,cw,6.0,3,0.32665,0.25,0.26825,100000.0,1,10.0,8
lstm,fh_on,model,fixed_partial,cw,10.0,3,0.3268,0.25,0.26825,100000.0,1,10.0,8
lstm,fh_on,model,fixed_partial,partial_band,-10.0,3,0.27725,0.25,0.26825,100000.0,1,10.0,8
lstm,fh_on,model,fixed_partial,partial_band,-6.0,3,0.29145,0.25,0.26825,100000.0,1,10.0,8
lstm,fh_on,model,fixed_partial,partial_band,-2.0,3,0.31235,0.25,0.26825,100000.0,1,10.0,8
lstm,fh_on,model,fixed_partial,partial_band,2.0,3,0.32485,0.25,0.26825,100000.0,1,10.0,8
lstm,fh_on,model,fixed_partial,partial_band,6.0,3,0.3258,0.25,0.26825,100000.0,1,10.0,8
lstm,fh_on,model,fixed_partial,partial_band,10.0,3,0.32655,0.25,0.26825,100000.0,1,10.0,8
lstm,fh_on,model,fixed_partial,cw,-10.0,4,0.28615,0.25,0.2731,100000.0,1,10.0,8
lstm,fh_on,model,fixed_partial,cw,-6.0,4,0.30435,0.25,0.2731,100000.0,1,10.0,8
lstm,fh_on,model,fixed_partial,cw,-2.0,4,0.32365,0.25,0.2731,100000.0,1,10.0,8
lstm,fh_on,model,fixed_partial,cw,2.0,4,0.32555,0.25,0.2731,100000.0,1,10.0,8
lstm,fh_on,model,fixed_partial,cw,6.0,4,0.32735,0.25,0.2731,100000.0,1,10.0,8
lstm,fh_on,model,fixed_partial,cw,10.0,4,0.32825,0.25,0.2731,100000.0,1,10.0,8
lstm,fh_on,model,fixed_partial,partial_band,-10.0,4,0.2664,0.25,0.2731,100000.0,1,10.0,8
lstm,fh_on,model,fixed_partial,partial_band,-6.0,4,0.26085,0.25,0.2731,100000.0,1,10.0,8
lstm,fh_on,model,fixed_partial,partial_band,-2.0,4,0.2854,0.25,0.2731,100000.0,1,10.0,8
lstm,fh_on,model,fixed_partial,partial_band,2.0,4,0.32375,0.25,0.2731,100000.0,1,10.0,8
lstm,fh_on,model,fixed_partial,partial_band,6.0,4,0.3278,0.25,0.2731,100000.0,1,10.0,8
lstm,fh_on,model,fixed_partial,partial_band,10.0,4,0.3279,0.25,0.2731,100000.0,1,10.0,8
lstm,fh_on,model,sweep,cw,-10.0,0,0.26745,0.12135,0.27295,100000.0,1,10.0,8
lstm,fh_on,model,sweep,cw,-6.0,0,0.2785,0.12135,0.27295,100000.0,1,10.0,8
lstm,fh_on,model,sweep,cw,-2.0,0,0.29805,0.12135,0.27295,100000.0,1,10.0,8
lstm,fh_on,model,sweep,cw,2.0,0,0.29885,0.12135,0.27295,100000.0,1,10.0,8
lstm,fh_on,model,sweep,cw,6.0,0,0.29885,0.12135,0.27295,100000.0,1,10.0,8
lstm,fh_on,model,sweep,cw,10.0,0,0.29885,0.12135,0.27295,100000.0,1,10.0,8
lstm,fh_on,model,sweep,partial_band,-10.0,0,0.2677,0.12135,0.27295,100000.0,1,10.0,8
lstm,fh_on,model,sweep,partial_band,-6.0,0,0.26605,0.12135,0.27295,100000.0,1,10.0,8
lstm,fh_on,model,sweep,partial_band,-2.0,0,0.2805,0.12135,0.27295,100000.0,1,10.0,8
lstm,fh_on,model,sweep,partial_band,2.0,0,0.2979,0.12135,0.27295,100000.0,1,10.0,8
lstm,fh_on,model,sweep,partial_band,6.0,0,0.29885,0.12135,0.27295,100000.0,1,10.0,8
lstm,fh_on,model,sweep,partial_band,10.0,0,0.29885,0.12135,0.27295,100000.0,1,10.0,8
lstm,fh_on,model,sweep,cw,-10.0,1,0.2597,0.1237,0.2651,100000.0,1,10.0,8
lstm,fh_on,model,sweep,cw,-6.0,1,0.2642,0.1237,0.2651,100000.0,1,10.0,8
lstm,fh_on,model,sweep,cw,-2.0,1,0.28865,0.1237,0.2651,100000.0,1,10.0,8
lstm,fh_on,model,sweep,cw,2.0,1,0.2921,0.1237,0.2651,100000.0,1,10.0,8
lstm,fh_on,model,sweep,cw,6.0,1,0.29225,0.1237,0.2651,100000.0,1,10.0,8
lstm,fh_on,model,sweep,cw,10.0,1,0.29225,0.1237,0.2651,100000.0,1,10.0,8
lstm,fh_on,model,sweep,partial_band,-10.0,1,0.2685,0.1237,0.2651,100000.0,1,10.0,8
lstm,fh_on,model,sweep,partial_band,-6.0,1,0.2729,0.1237,0.2651,100000.0,1,10.0,8
lstm,fh_on,model,sweep,partial_band,-2.0,1,0.2852,0.1237,0.2651,100000.0,1,10.0,8
lstm,fh_on,model,sweep,partial_band,2.0,1,0.2926,0.1237,0.2651,100000.0,1,10.0,8
lstm,fh_on,model,sweep,partial_band,6.0,1,0.293,0.1237,0.2651,100000.0,1,10.0,8
lstm,fh_on,model,sweep,partial_band,10.0,1,0.29345,0.1237,0.2651,100000.0,1,10.0,8
lstm,fh_on,model,sweep,cw,-10.0,2,0.2738,0.12025,0.27585,100000.0,1,10.0,8
lstm,fh_on,model,sweep,cw,-6.0,2,0.2707,0.12025,0.27585,100000.0,1,10.0,8
lstm,fh_on,model,sweep,cw,-2.0,2,0.26535,0.12025,0.27585,100000.0,1,10.0,8
lstm,fh_on,model,sweep,cw,2.0,2,0.27705,0.12025,0.27585,100000.0,1,10.0,8
lstm,fh_on,model,sweep,cw,6.0,2,0.30185,0.12025,0.27585,100000.0,1,10.0,8
lstm,fh_on,model,sweep,cw,10.0,2,0.30225,0.12025,0.27585,100000.0,1,10.0,8
lstm,fh_on,model,sweep,partial_band,-10.0,2,0.2818,0.12025,0.27585,100000.0,1,10.0,8
lstm,fh_on,model,sweep,partial_band,-6.0,2,0.2899,0.12025,0.27585,100000.0,1,10.0,8
lstm,fh_on,model,sweep,partial_band,-2.0,2,0.29955,0.12025,0.27585,100000.0,1,10.0,8
lstm,fh_on,model,sweep,partial_band,2.0,2,0.3022,0.12025,0.27585,100000.0,1,10.0,8
lstm,fh_on,model,sweep,partial_band,6.0,2,0.3016,0.12025,0.27585,100000.0,1,10.0,8
lstm,fh_on,model,sweep,partial_band,10.0,2,0.3026,0.12025,0.27585,100000.0,1,10.0,8
lstm,fh_on,model,sweep,cw,-10.0,3,0.2798,0.12115,0.2748,100000.0,1,10.0,8
lstm,fh_on,model,sweep,cw,-6.0,3,0.28675,0.12115,0.2748,100000.0,1,10.0,8
lstm,fh_on,model,sweep,cw,-2.0,3,0.29675,0.12115,0.2748,100000.0,1,10.0,8
lstm,fh_on,model,sweep,cw,2.0,3,0.2999,0.12115,0.2748,100000.0,1,10.0,8
lstm,fh_on,model,sweep,cw,6.0,3,0.3009,0.12115,0.2748,100000.0,1,10.0,8
lstm,fh_on,model,sweep,cw,10.0,3,0.3006,0.12115,0.2748,100000.0,1,10.0,8
lstm,fh_on,model,sweep,partial_band,-10.0,3,0.2793,0.12115,0.2748,100000.0,1,10.0,8
lstm,fh_on,model,sweep,partial_band,-6.0,3,0.28535,0.12115,0.2748,100000.0,1,10.0,8
lstm,fh_on,model,sweep,partial_band,-2.0,3,0.29475,0.12115,0.2748,100000.0,1,10.0,8
lstm,fh_on,model,sweep,partial_band,2.0,3,0.2994,0.12115,0.2748,100000.0,1,10.0,8
lstm,fh_on,model,sweep,partial_band,6.0,3,0.3007,0.12115,0.2748,100000.0,1,10.0,8
lstm,fh_on,model,sweep,partial_band,10.0,3,0.30055,0.12115,0.2748,100000.0,1,10.0,8
lstm,fh_on,model,sweep,cw,-10.0,4,0.27395,0.12315,0.2678,100000.0,1,10.0,8
lstm,fh_on,model,sweep,cw,-6.0,4,0.28535,0.12315,0.2678,100000.0,1,10.0,8
lstm,fh_on,model,sweep,cw,-2.0,4,0.2959,0.12315,0.2678,100000.0,1,10.0,8
lstm,fh_on,model,sweep,cw,2.0,4,0.2978,0.12315,0.2678,100000.0,1,10.0,8
lstm,fh_on,model,sweep,cw,6.0,4,0.2972,0.12315,0.2678,100000.0,1,10.0,8
lstm,fh_on,model,sweep,cw,10.0,4,0.29835,0.12315,0.2678,100000.0,1,10.0,8
lstm,fh_on,model,sweep,partial_band,-10.0,4,0.26435,0.12315,0.2678,100000.0,1,10.0,8
lstm,fh_on,model,sweep,partial_band,-6.0,4,0.26285,0.12315,0.2678,100000.0,1,10.0,8
lstm,fh_on,model,sweep,partial_band,-2.0,4,0.27565,0.12315,0.2678,100000.0,1,10.0,8
lstm,fh_on,model,sweep,partial_band,2.0,4,0.29415,0.12315,0.2678,100000.0,1,10.0,8
lstm,fh_on,model,sweep,partial_band,6.0,4,0.2958,0.12315,0.2678,100000.0,1,10.0,8
lstm,fh_on,model,sweep,partial_band,10.0,4,0.2958,0.12315,0.2678,100000.0,1,10.0,8
lstm,fh_on,model,follower,cw,-10.0,0,0.2674,0.0,0.2674,100000.0,1,10.0,8
lstm,fh_on,model,follower,cw,-6.0,0,0.2674,0.0,0.2674,100000.0,1,10.0,8
lstm,fh_on,model,follower,cw,-2.0,0,0.2674,0.0,0.2674,100000.0,1,10.0,8
lstm,fh_on,model,follower,cw,2.0,0,0.2674,0.0,0.2674,100000.0,1,10.0,8
lstm,fh_on,model,follower,cw,6.0,0,0.2674,0.0,0.2674,100000.0,1,10.0,8
lstm,fh_on,model,follower,cw,10.0,0,0.2674,0.0,0.2674,100000.0,1,10.0,8
lstm,fh_on,model,follower,partial_band,-10.0,0,0.2674,0.0,0.2674,100000.0,1,10.0,8
lstm,fh_on,model,follower,partial_band,-6.0,0,0.2674,0.0,0.2674,100000.0,1,10.0,8
lstm,fh_on,model,follower,partial_band,-2.0,0,0.2674,0.0,0.2674,100000.0,1,10.0,8
lstm,fh_on,model,follower,partial_band,2.0,0,0.2674,0.0,0.2674,100000.0,1,10.0,8
lstm,fh_on,model,follower,partial_band,6.0,0,0.2674,0.0,0.2674,100000.0,1,10.0,8
lstm,fh_on,model,follower,partial_band,10.0,0,0.2674,0.0,0.2674,100000.0,1,10.0,8
lstm,fh_on,model,follower,cw,-10.0,1,0.27635,0.0,0.27635,100000.0,1,10.0,8
lstm,fh_on,model,follower,cw,-6.0,1,0.27635,0.0,0.27635,100000.0,1,10.0,8
lstm,fh_on,model,follower,cw,-2.0,1,0.27635,0.0,0.27635,100000.0,1,10.0,8
lstm,fh_on,model,follower,cw,2.0,1,0.27635,0.0,0.27635,100000.0,1,10.0,8
lstm,fh_on,model,follower,cw,6.0,1,0.27635,0.0,0.27635,100000.0,1,10.0,8
lstm,fh_on,model,follower,cw,10.0,1,0.27635,0.0,0.27635,100000.0,1,10.0,8
lstm,fh_on,model,follower,partial_band,-10.0,1,0.27635,0.0,0.27635,100000.0,1,10.0,8
lstm,fh_on,model,follower,partial_band,-6.0,1,0.27635,0.0,0.27635,100000.0,1,10.0,8
lstm,fh_on,model,follower,partial_band,-2.0,1,0.27635,0.0,0.27635,100000.0,1,10.0,8
lstm,fh_on,model,follower,partial_band,2.0,1,0.27635,0.0,0.27635,100000.0,1,10.0,8
lstm,fh_on,model,follower,partial_band,6.0,1,0.27635,0.0,0.27635,100000.0,1,10.0,8
lstm,fh_on,model,follower,partial_band,10.0,1,0.27635,0.0,0.27635,100000.0,1,10.0,8
lstm,fh_on,model,follower,cw,-10.0,2,0.26865,0.0,0.26865,100000.0,1,10.0,8
lstm,fh_on,model,follower,cw,-6.0,2,0.26865,0.0,0.26865,100000.0,1,10.0,8
lstm,fh_on,model,follower,cw,-2.0,2,0.26865,0.0,0.26865,100000.0,1,10.0,8
lstm,fh_on,model,follower,cw,2.0,2,0.26865,0.0,0.26865,100000.0,1,10.0,8
lstm,fh_on,model,follower,cw,6.0,2,0.26865,0.0,0.26865,100000.0,1,10.0,8
lstm,fh_on,model,follower,cw,10.0,2,0.26865,0.0,0.26865,100000.0,1,10.0,8
lstm,fh_on,model,follower,partial_band,-10.0,2,0.26865,0.0,0.26865,100000.0,1,10.0,8
lstm,fh_on,model,follower,partial_band,-6.0,2,0.26865,0.0,0.26865,100000.0,1,10.0,8
lstm,fh_on,model,follower,partial_band,-2.0,2,0.26865,0.0,0.26865,100000.0,1,10.0,8
lstm,fh_on,model,follower,partial_band,2.0,2,0.26865,0.0,0.26865,100000.0,1,10.0,8
lstm,fh_on,model,follower,partial_band,6.0,2,0.26865,0.0,0.26865,100000.0,1,10.0,8
lstm,fh_on,model,follower,partial_band,10.0,2,0.26865,0.0,0.26865,100000.0,1,10.0,8
lstm,fh_on,model,follower,cw,-10.0,3,0.27265,0.0,0.27265,100000.0,1,10.0,8
lstm,fh_on,model,follower,cw,-6.0,3,0.27265,0.0,0.27265,100000.0,1,10.0,8
lstm,fh_on,model,follower,cw,-2.0,3,0.27265,0.0,0.27265,100000.0,1,10.0,8
lstm,fh_on,model,follower,cw,2.0,3,0.27265,0.0,0.27265,100000.0,1,10.0,8
lstm,fh_on,model,follower,cw,6.0,3,0.27265,0.0,0.27265,100000.0,1,10.0,8
lstm,fh_on,model,follower,cw,10.0,3,0.27265,0.0,0.27265,100000.0,1,10.0,8
lstm,fh_on,model,follower,partial_band,-10.0,3,0.27265,0.0,0.27265,100000.0,1,10.0,8
lstm,fh_on,model,follower,partial_band,-6.0,3,0.27265,0.0,0.27265,100000.0,1,10.0,8
lstm,fh_on,model,follower,partial_band,-2.0,3,0.27265,0.0,0.27265,100000.0,1,10.0,8
lstm,fh_on,model,follower,partial_band,2.0,3,0.27265,0.0,0.27265,100000.0,1,10.0,8
lstm,fh_on,model,follower,partial_band,6.0,3,0.27265,0.0,0.27265,100000.0,1,10.0,8
lstm,fh_on,model,follower,partial_band,10.0,3,0.27265,0.0,0.27265,100000.0,1,10.0,8
lstm,fh_on,model,follower,cw,-10.0,4,0.27535,0.0,0.27535,100000.0,1,10.0,8
lstm,fh_on,model,follower,cw,-6.0,4,0.27535,0.0,0.27535,100000.0,1,10.0,8
lstm,fh_on,model,follower,cw,-2.0,4,0.27535,0.0,0.27535,100000.0,1,10.0,8
lstm,fh_on,model,follower,cw,2.0,4,0.27535,0.0,0.27535,100000.0,1,10.0,8
lstm,fh_on,model,follower,cw,6.0,4,0.27535,0.0,0.27535,100000.0,1,10.0,8
lstm,fh_on,model,follower,cw,10.0,4,0.27535,0.0,0.27535,100000.0,1,10.0,8
lstm,fh_on,model,follower,partial_band,-10.0,4,0.27535,0.0,0.27535,100000.0,1,10.0,8
lstm,fh_on,model,follower,partial_band,-6.0,4,0.27535,0.0,0.27535,100000.0,1,10.0,8
lstm,fh_on,model,follower,partial_band,-2.0,4,0.27535,0.0,0.27535,100000.0,1,10.0,8
lstm,fh_on,model,follower,partial_band,2.0,4,0.27535,0.0,0.27535,100000.0,1,10.0,8
lstm,fh_on,model,follower,partial_band,6.0,4,0.27535,0.0,0.27535,100000.0,1,10.0,8
lstm,fh_on,model,follower,partial_band,10.0,4,0.27535,0.0,0.27535,100000.0,1,10.0,8
