arch,snr_db,gamma,n_symbols,p_oracle,mae_peak_samples,mae_head_samples,mae_peak_meters,mae_head_meters,medae_peak_samples,medae_head_samples,medae_peak_meters,medae_head_meters,gap_samples,gap_median_samples,gap_median_meters,silence_fraction,pile_obstacle,pile_peer,pile_same_cell,pile3_obstacle_n,pile3_obstacle_medae_peak_samples,pile3_obstacle_medae_head_samples,pile3_obstacle_mae_peak_samples,pile3_obstacle_mae_head_samples,pile3_obstacle_medae_peak_meters,pile3_obstacle_medae_head_meters,pile3_obstacle_silence_fraction,pile3_peer_n,pile3_peer_medae_peak_samples,pile3_peer_medae_head_samples,pile3_peer_mae_peak_samples,pile3_peer_mae_head_samples,pile3_peer_medae_peak_meters,pile3_peer_medae_head_meters,pile3_peer_silence_fraction,pile3_same_cell_n,pile3_same_cell_medae_peak_samples,pile3_same_cell_medae_head_samples,pile3_same_cell_mae_peak_samples,pile3_same_cell_mae_head_samples,pile3_same_cell_medae_peak_meters,pile3_same_cell_medae_head_meters,pile3_same_cell_silence_fraction
qkv,5.0,1.0,4000,0.45075,0.930841121495327,3.935278671181462,13.952957391028036,58.98834328742321,0.0,2.890918731689453,0.0,43.33378162257118,-3.0044375496861346,-2.890918731689453,-43.33378162257118,0.59875,1.0,0.0,0.0,1605,0.0,2.890918731689453,0.930841121495327,3.935278671181462,0.0,43.33378162257118,0.59875,0,,,,,,,0.0,0,,,,,,,0.0
qkv,5.0,1.25,4000,0.45075,1.4551401869158878,4.013767983088983,21.81200266850467,60.16486847459744,0.0,3.0290966033935547,0.0,45.40501581254025,-2.5586277961730954,-3.0290966033935547,-45.40501581254025,0.465,1.0,0.0,0.0,2140,0.0,3.0290966033935547,1.4551401869158878,4.013767983088983,0.0,45.40501581254025,0.46499999999999997,0,,,,,,,0.0,0,,,,,,,0.0
qkv,5.0,1.5,4000,0.45075,1.9694492254733218,3.974012240895716,29.52130121054217,59.568944891010744,0.0,3.019155502319336,0.0,45.25600245622692,-2.004563015422394,-3.019155502319336,-45.25600245622692,0.419,1.0,0.0,0.0,2324,0.0,3.019155502319336,1.9694492254733218,3.974012240895716,0.0,45.25600245622692,0.41900000000000004,0,,,,,,,0.0,0,,,,,,,0.0
qkv,5.0,2.0,4000,0.45075,2.7486360093530786,3.9968123144222627,41.20101726956352,59.910709395265954,0.0,3.1028823852539062,0.0,46.51103685800858,-1.248176305069184,-3.1028823852539062,-46.51103685800858,0.3585,1.0,0.0,0.0,2566,0.0,3.1028823852539062,2.7486360093530786,3.9968123144222627,0.0,46.51103685800858,0.35850000000000004,0,,,,,,,0.0,0,,,,,,,0.0
qkv,11.0,1.0,4000,0.43675,1.0171673819742488,3.6665380932230804,15.246955481974249,54.960023365899026,0.0,2.545551300048828,0.0,38.156854060336684,-2.6493707112488316,-2.545551300048828,-38.156854060336684,0.59225,1.0,0.0,0.0,1631,0.0,2.545551300048828,1.0171673819742488,3.6665380932230804,0.0,38.156854060336684,0.5922499999999999,0,,,,,,,0.0,0,,,,,,,0.0
qkv,11.0,1.25,4000,0.43675,1.5588936576061039,3.620274561043859,23.367228068717214,54.26655046451048,0.0,2.567246437072754,0.0,38.48205598308916,-2.0613809034377555,-2.567246437072754,-38.48205598308916,0.47575,1.0,0.0,0.0,2097,0.0,2.567246437072754,1.5588936576061039,3.620274561043859,0.0,38.48205598308916,0.47575,0,,,,,,,0.0,0,,,,,,,0.0
qkv,11.0,1.5,4000,0.43675,2.1449781659388645,3.596119400715724,32.1524138361572,53.90447372010269,0.0,2.594775676727295,0.0,38.894708904234456,-1.4511412347768595,-2.594775676727295,-38.894708904234456,0.4275,1.0,0.0,0.0,2290,0.0,2.594775676727295,2.1449781659388645,3.596119400715724,0.0,38.894708904234456,0.4275,0,,,,,,,0.0,0,,,,,,,0.0
qkv,11.0,2.0,4000,0.43675,2.949921135646688,3.608911358783674,44.2182054080836,54.09622034769387,0.0,2.642524242401123,0.0,39.61044189770103,-0.658990223136986,-2.642524242401123,-39.61044189770103,0.366,1.0,0.0,0.0,2536,0.0,2.642524242401123,2.949921135646688,3.608911358783674,0.0,39.61044189770103,0.366,0,,,,,,,0.0,0,,,,,,,0.0
qkv,21.0,1.0,4000,0.46075,0.8595571095571095,3.8186045943440257,12.884436933275058,57.23944287342442,0.0,2.8489980697631836,0.0,42.70540670857802,-2.9590474847869164,-2.8489980697631836,-42.70540670857802,0.571,1.0,0.0,0.0,1716,0.0,2.8489980697631836,0.8595571095571095,3.8186045943440257,0.0,42.70540670857802,0.571,0,,,,,,,0.0,0,,,,,,,0.0
qkv,21.0,1.25,4000,0.46075,1.479671082686158,3.71554387895524,22.17971154550023,55.6946016139423,0.0,2.761460304260254,0.0,41.39324861418047,-2.235872796269082,-2.761460304260254,-41.39324861418047,0.45275,1.0,0.0,0.0,2189,0.0,2.761460304260254,1.479671082686158,3.71554387895524,0.0,41.39324861418047,0.45275,0,,,,,,,0.0,0,,,,,,,0.0
qkv,21.0,1.5,4000,0.46075,2.029882154882155,3.701830520373001,30.427168033122896,55.48904354010205,0.0,2.767446994781494,0.0,41.48298684751287,-1.671948365490846,-2.767446994781494,-41.48298684751287,0.406,1.0,0.0,0.0,2376,0.0,2.767446994781494,2.029882154882155,3.701830520373001,0.0,41.48298684751287,0.406,0,,,,,,,0.0,0,,,,,,,0.0
qkv,21.0,2.0,4000,0.46075,2.7824251726784346,3.7002922871985624,41.70750408591712,55.46598600488495,0.0,2.825834274291992,0.0,42.35819014953213,-0.9178671145201278,-2.825834274291992,-42.35819014953213,0.3485,1.0,0.0,0.0,2606,0.0,2.825834274291992,2.7824251726784346,3.7002922871985624,0.0,42.35819014953213,0.34850000000000003,0,,,,,,,0.0,0,,,,,,,0.0
