comm_loss,loss,sensing_loss,val_comm_loss,val_loss,val_sensing_loss,learning_rate
0.3398800194263458,0.34052348136901855,0.00026653430541045964,0.22625946998596191,0.2267669141292572,0.0002508852048777044,0.00033333332976326346
0.2329038679599762,0.23340538144111633,0.00023733485431876034,0.22943906486034393,0.22991247475147247,0.0002339670027140528,0.0006666666595265269
0.23061324656009674,0.23108430206775665,0.00022655005159322172,0.24005194008350372,0.24051427841186523,0.00022763213200960308,0.0010000000474974513
0.226958766579628,0.22742301225662231,0.0002215472632087767,0.2253076285123825,0.225749671459198,0.0002186377823818475,0.0010000000474974513
0.22630037367343903,0.2267419844865799,0.0002177696005674079,0.22292569279670715,0.22337546944618225,0.0002226497745141387,0.0009969573002308607
0.22452576458454132,0.22497300803661346,0.00021372550691012293,0.22352634370326996,0.22396939992904663,0.00021925171313341707,0.0009878701530396938
0.22325842082500458,0.22368384897708893,0.00021098338766023517,0.22292448580265045,0.22335770726203918,0.00021412858041003346,0.0009728616569191217
0.2228080928325653,0.22323758900165558,0.00020786012464668602,0.2213832139968872,0.2218308448791504,0.00022138260828796774,0.0009521346655674279
0.2216070145368576,0.22200016677379608,0.00020986003801226616,0.2269919216632843,0.22743766009807587,0.00021988189837429672,0.0009259695070795715
0.22134409844875336,0.22170935571193695,0.00020581166609190404,0.21934443712234497,0.21977750957012177,0.0002142951125279069,0.0008947200258262455
0.2214355170726776,0.2218332588672638,0.00020433614554349333,0.21862225234508514,0.21906447410583496,0.00021889855270273983,0.0008588087512180209
0.2200293391942978,0.22043196856975555,0.00020068370213266462,0.22303876280784607,0.22347262501716614,0.00021461497817654163,0.0008187213679775596
0.21922136843204498,0.21961967647075653,0.00020178427803330123,0.2207975685596466,0.22122205793857574,0.00020968710305169225,0.0007750000222586095
0.2185133844614029,0.2189294993877411,0.00019977681222371757,0.21907591819763184,0.21952132880687714,0.00022046637604944408,0.000728235871065408
0.218201145529747,0.2186090648174286,0.0001981002715183422,0.21832749247550964,0.2187710553407669,0.00021963068866170943,0.0006790614570491016
0.2182483971118927,0.21865740418434143,0.0001964031980605796,0.21770690381526947,0.21812577545642853,0.00020719080930575728,0.0006281416863203049
0.2177014946937561,0.21810737252235413,0.0001950426958501339,0.22288377583026886,0.22329823672771454,0.00020447964197956026,0.0005761651555076241
0.21673688292503357,0.21710136532783508,0.00019482972857076675,0.216985285282135,0.21743223071098328,0.00022131884179543704,0.0005238348385319114
0.2168157398700714,0.21721355617046356,0.0001917096524266526,0.2222176492214203,0.22263562679290771,0.0002063121646642685,0.00047185830771923065
0.21610519289970398,0.21649956703186035,0.00018975218699779361,0.21723051369190216,0.21764440834522247,0.00020482898980844766,0.00042093853699043393
0.2156197428703308,0.21595636010169983,0.00018862418073695153,0.21953648328781128,0.21996836364269257,0.00021351395116653293,0.0003717640938702971
0.21512599289417267,0.215484157204628,0.00018762718536891043,0.21782679855823517,0.21824438869953156,0.00020660659356508404,0.00032500000088475645
0.21482492983341217,0.21520571410655975,0.00018615926092024893,0.21742786467075348,0.2178465873003006,0.00020713220874313265,0.00028127862606197596
0.21474634110927582,0.2150743305683136,0.00018455105600878596,0.2171798199415207,0.21759264171123505,0.0002043341228272766,0.00024119125737342983
0.21396344900131226,0.21433785557746887,0.0001848544634412974,0.21690376102924347,0.21731485426425934,0.0002033857599599287,0.00020527999731712043
0.21378841996192932,0.21411581337451935,0.00018263631500303745,0.21708449721336365,0.21749669313430786,0.00020396930631250143,0.00017403048695996404
0.21349741518497467,0.2138487845659256,0.00018210212874691933,0.21734872460365295,0.21776717901229858,0.00020698236767202616,0.00014786531392019242
0.21306367218494415,0.21342439949512482,0.00018046419427264482,0.21725933253765106,0.2176746129989624,0.00020535629300866276,0.00012713832256849855
0.21290017664432526,0.21327248215675354,0.00018008692131843418,0.21867193281650543,0.2190903127193451,0.0002068777976091951,0.00011212980462005362
0.21268722414970398,0.21305567026138306,0.00017962035781238228,0.21738684177398682,0.21779930591583252,0.0002040906110778451,0.0001030427374644205
