jsr_db,realization,f_cw,ber
-10.0,0,0.05,0.0045
-8.0,0,0.05,0.016625
-6.0,0,0.05,0.065125
-4.0,0,0.05,0.1985
-2.0,0,0.05,0.3995
0.0,0,0.05,0.497
2.0,0,0.05,0.507625
4.0,0,0.05,0.507875
6.0,0,0.05,0.507875
8.0,0,0.05,0.507875
10.0,0,0.05,0.507875
-10.0,1,0.15,0.004125
-8.0,1,0.15,0.0105
-6.0,1,0.15,0.03775
-4.0,1,0.15,0.125875
-2.0,1,0.15,0.2965
0.0,1,0.15,0.463375
2.0,1,0.15,0.5055
4.0,1,0.15,0.507875
6.0,1,0.15,0.507875
8.0,1,0.15,0.507875
10.0,1,0.15,0.507875
-10.0,2,0.25,0.00175
-8.0,2,0.25,0.002125
-6.0,2,0.25,0.002375
-4.0,2,0.25,0.003125
-2.0,2,0.25,0.00425
0.0,2,0.25,0.005375
2.0,2,0.25,0.006625
4.0,2,0.25,0.00925
6.0,2,0.25,0.025375
8.0,2,0.25,0.122375
10.0,2,0.25,0.38425
-10.0,3,0.35,0.00325
-8.0,3,0.35,0.009125
-6.0,3,0.35,0.0325
-4.0,3,0.35,0.14225
-2.0,3,0.35,0.343125
0.0,3,0.35,0.472375
2.0,3,0.35,0.491625
4.0,3,0.35,0.492125
6.0,3,0.35,0.492125
8.0,3,0.35,0.492125
10.0,3,0.35,0.492125
-10.0,4,0.45,0.004125
-8.0,4,0.45,0.009375
-6.0,4,0.45,0.035625
-4.0,4,0.45,0.151125
-2.0,4,0.45,0.366375
0.0,4,0.45,0.480125
2.0,4,0.45,0.492
4.0,4,0.45,0.492125
6.0,4,0.45,0.492125
8.0,4,0.45,0.492125
10.0,4,0.45,0.492125
