jsr_db,ber,ber_std,ber_min,ber_max,mse_tau,mse_tau_std,mse_fd,mse_fd_std,n_realizations,arch,jammer
-10.0,0.016575037663282,0.0007023600514569,0.0155010383188831,0.0174417541368941,22.876686552515388,0.084117684367946,0.0,0.0,5,conv1d,barrage
-8.0,0.0186655819739663,0.000650670721535,0.0178085214521944,0.0194190106938373,23.146078608579938,0.1134905182617962,0.0,0.0,5,conv1d,barrage
-6.0,0.0216117761763029,0.0010887556163068,0.0201423312085906,0.0229068802192515,23.299622183076416,0.1634857746879519,0.0,0.0,5,conv1d,barrage
-4.0,0.0276374469446861,0.0010833380443276,0.0262089860705833,0.0289151159842343,23.6114601457097,0.0827695128935712,0.0,0.0,5,conv1d,barrage
-2.0,0.0397701824426681,0.0008000721609746,0.0383378529323356,0.0406405233972155,23.91318868491847,0.1803530361523577,0.0,0.0,5,conv1d,barrage
0.0,0.0644843891667381,0.0005726496573444,0.0637725509237786,0.0653022671619255,21.42672043168816,0.2544687378380311,0.0,0.0,5,conv1d,barrage
2.0,0.1101532987721603,0.0015317823145842,0.107587031024531,0.111883060515873,13.021135532509147,0.1694435208935666,0.0,0.0,5,conv1d,barrage
4.0,0.1851488095238095,0.001657129103296,0.1823381696428571,0.1872209821428571,16.461828608000378,0.2052524016715299,0.0,0.0,5,conv1d,barrage
6.0,0.2703218005952381,0.0035092958823286,0.2670665922619047,0.2769252232142857,23.80049510959624,0.3524221170722765,0.0,0.0,5,conv1d,barrage
8.0,0.3468005952380951,0.0029828097893261,0.3431919642857143,0.3519345238095238,34.576380320957185,0.5217327252948574,0.0,0.0,5,conv1d,barrage
10.0,0.4105654761904762,0.0041670818511258,0.4059709821428571,0.4158296130952381,48.723500929317126,0.683855949986765,0.0,0.0,5,conv1d,barrage
-10.0,0.0267739741118193,0.0065047074991042,0.0151003957281598,0.0338282637988961,22.444629819168632,0.3696968755328363,0.0,0.0,5,conv1d,cw
-8.0,0.053718554827616,0.021184350936243,0.0154905309992663,0.0729030031378273,19.184968595835446,2.586960569945678,0.0,0.0,5,conv1d,cw
-6.0,0.1349368335515015,0.0670346006396347,0.0157359080558996,0.1945591517857142,14.1097379934727,4.9424580428818405,0.0,0.0,5,conv1d,cw
-4.0,0.285597817611205,0.1394207654915635,0.0174608142465016,0.3903459821428571,15.978546952507468,4.529048288522263,0.0,0.0,5,conv1d,cw
-2.0,0.3786429389091095,0.1799376516623743,0.0197027897836428,0.4919084821428571,18.06353710790613,4.069697343507073,0.0,0.0,5,conv1d,cw
0.0,0.4020914777121394,0.1890460074104984,0.02440828141784,0.5083705357142857,20.57574495712145,3.330512023651325,0.0,0.0,5,conv1d,cw
2.0,0.4065296283859163,0.1862093701242227,0.0346012669295815,0.5103236607142857,23.675653515136776,3.226658993426008,0.0,0.0,5,conv1d,cw
4.0,0.4107001879729332,0.1787020955080961,0.0537799577218087,0.5103236607142857,27.520756930433546,4.440356510090089,0.0,0.0,5,conv1d,cw
6.0,0.4180114717319114,0.1642368334043968,0.0900573586595569,0.5103236607142857,32.552422029526795,6.420848544551071,0.0,0.0,5,conv1d,cw
8.0,0.4294165144751082,0.1414686399588451,0.1470825723755411,0.5103236607142857,41.20448809828103,9.638387535152225,0.0,0.0,5,conv1d,cw
10.0,0.4425818452380953,0.1152069458039884,0.2129092261904761,0.5103236607142857,59.35646183458721,18.737883607221335,0.0,0.0,5,conv1d,cw
-10.0,0.0217756862317511,0.004320025055121,0.0166242093068996,0.0291143914356493,23.032445386095752,0.4030666266226586,0.0,0.0,5,conv1d,partial_band
-8.0,0.0354780844860754,0.0143247525225489,0.0199723524308285,0.061152625112545,22.38432349714956,1.3111743333754196,0.0,0.0,5,conv1d,partial_band
-6.0,0.0799119329609748,0.0443174130979681,0.0310532537734491,0.157421875,18.306199768845435,3.3963746173454967,0.0,0.0,5,conv1d,partial_band
-4.0,0.179442374428396,0.0973581065749055,0.0586507804558883,0.3315662202380952,17.09334016208093,3.352596428168945,0.0,0.0,5,conv1d,partial_band
-2.0,0.3055588329081632,0.1129925912827533,0.1367785395408163,0.4429873511904762,17.30204129199842,5.395747988017552,0.0,0.0,5,conv1d,partial_band
0.0,0.4089564732142857,0.0734270914534237,0.2827845982142857,0.4801897321428571,20.557761767461987,6.993084381672701,0.0,0.0,5,conv1d,partial_band
2.0,0.4672619047619047,0.0257754381504921,0.418061755952381,0.48828125,24.692308967142907,8.533446568189936,0.0,0.0,5,conv1d,partial_band
4.0,0.48984375,0.0055652697830645,0.482421875,0.4997209821428571,30.739177769489334,10.023409828498933,0.0,0.0,5,conv1d,partial_band
6.0,0.4959263392857143,0.008043461047646,0.4896763392857143,0.5092075892857143,40.97623389231481,12.468369735945451,0.0,0.0,5,conv1d,partial_band
8.0,0.4974330357142857,0.0095331055821708,0.4896763392857143,0.5103236607142857,60.78005438690492,22.650715863027543,0.0,0.0,5,conv1d,partial_band
10.0,0.49765625,0.0097833066967906,0.4896763392857143,0.5103236607142857,98.77632444974832,50.58560586917278,0.0,0.0,5,conv1d,partial_band
-10.0,0.0166576767292342,0.0003563171627435,0.0160431482926853,0.0171566251062811,23.10240200276939,0.1366905614636124,0.0,0.0,5,qkv,barrage
-8.0,0.018364968145217,0.0004606211551076,0.0175411688966746,0.018897830298549,23.293855341894503,0.121095180705427,0.0,0.0,5,qkv,barrage
-6.0,0.0220625694780635,0.0008705874940309,0.0209926132130182,0.0235820500441671,23.46813171495524,0.1076376855691193,0.0,0.0,5,qkv,barrage
-4.0,0.0287145873092062,0.000913245243996,0.0275923406490353,0.0300219562505206,23.7997396523394,0.0443579828067108,0.0,0.0,5,qkv,barrage
-2.0,0.041291638408069,0.0009878288642092,0.0393919969614854,0.0421471013575181,23.843804214058245,0.2597271676608982,0.0,0.0,5,qkv,barrage
0.0,0.0667247576438217,0.0008740779319896,0.0655342016954896,0.0676007131948793,21.03150978772901,0.1571050410779104,0.0,0.0,5,qkv,barrage
2.0,0.1147567793689445,0.0009818476770907,0.1130896215020099,0.1157671259791795,12.622355622359034,0.069944164254597,0.0,0.0,5,qkv,barrage
4.0,0.193852306547619,0.0028498699324421,0.1893229166666667,0.1966517857142857,16.42297156715805,0.1667208091687224,0.0,0.0,5,qkv,barrage
6.0,0.281352306547619,0.0026078842512383,0.2766927083333333,0.2847842261904762,25.28005267418885,0.2942544421035776,0.0,0.0,5,qkv,barrage
8.0,0.3546316964285714,0.0040680935404069,0.3497953869047618,0.3620721726190476,38.9813128630626,0.5117134992548344,0.0,0.0,5,qkv,barrage
10.0,0.4209635416666667,0.008709926748873,0.4122953869047619,0.4349888392857143,61.19033803324324,1.0108380715790988,0.0,0.0,5,qkv,barrage
-10.0,0.0246337197879795,0.0052830041641839,0.0149096478678301,0.031050505851768,22.853009532445547,0.1498567760524561,0.0,0.0,5,qkv,cw
-8.0,0.0496894650199602,0.0186311150427401,0.0155189225138741,0.0717334823327487,21.08763110290712,1.680283608799955,0.0,0.0,5,qkv,cw
-6.0,0.1304095077709859,0.0622563689829728,0.0164862700765848,0.1958705357142857,14.10247960845658,5.307355470172536,0.0,0.0,5,qkv,cw
-4.0,0.2879743103374079,0.1401434483129538,0.0172060010918014,0.4149925595238095,16.138099334382957,5.712870454384854,0.0,0.0,5,qkv,cw
-2.0,0.3818015401208391,0.1819056415933681,0.0189407363184809,0.4977678571428571,19.08592200477988,7.3205910980264175,0.0,0.0,5,qkv,cw
0.0,0.4018057826735408,0.1903576612841036,0.0215847169391323,0.5086495535714286,22.902799053201782,10.486882480350786,0.0,0.0,5,qkv,cw
2.0,0.4052653847074535,0.1888767985199039,0.0280010306801246,0.5103236607142857,28.68239189939357,15.49974276564401,0.0,0.0,5,qkv,cw
4.0,0.4095843556610068,0.1810668863745554,0.0479217783050343,0.5103236607142857,38.88873374311238,24.38104733919869,0.0,0.0,5,qkv,cw
6.0,0.4277927915958049,0.1447093160737841,0.1389639579790249,0.5103236607142857,56.7721661930382,43.28643362102151,0.0,0.0,5,qkv,cw
8.0,0.4738467261904762,0.053115320767728,0.3692336309523809,0.5103236607142857,95.59006135474012,76.46831197244205,0.0,0.0,5,qkv,cw
10.0,0.5006696428571429,0.0093303838430923,0.4896763392857143,0.5103236607142857,151.74823062321772,118.45856272573626,0.0,0.0,5,qkv,cw
-10.0,0.0211073542875646,0.0046171063506673,0.0168567038698518,0.0297920081853566,23.386871636791145,0.5054764997900599,0.0,0.0,5,qkv,partial_band
-8.0,0.0348668784008822,0.0155780236754752,0.0197205058949948,0.064040189867698,22.90774800667589,1.0379270919565304,0.0,0.0,5,qkv,partial_band
-6.0,0.0760997373113659,0.045387258193819,0.0299392724244314,0.1590401785714285,19.971610828480355,2.381075584264807,0.0,0.0,5,qkv,partial_band
-4.0,0.1682921597457042,0.0954302034746524,0.0560603763582329,0.3292410714285714,19.050825075064285,5.226580036404713,0.0,0.0,5,qkv,partial_band
-2.0,0.2965730849631519,0.1138346958033677,0.1196678801729025,0.4421502976190476,20.72149494678453,10.576806340365517,0.0,0.0,5,qkv,partial_band
0.0,0.4005673363095238,0.0856636947608685,0.2428850446428571,0.4813058035714285,25.872379002494533,15.014362329311734,0.0,0.0,5,qkv,partial_band
2.0,0.459188988095238,0.0420519972750109,0.3757440476190476,0.48828125,30.987576687423086,19.153347079776857,0.0,0.0,5,qkv,partial_band
4.0,0.4853794642857143,0.0148615712702867,0.4575892857142857,0.5025111607142857,37.99898755082878,23.83979671131158,0.0,0.0,5,qkv,partial_band
6.0,0.4934151785714286,0.0077577000250031,0.4893973214285714,0.5089285714285714,54.37737691428898,34.412932779649495,0.0,0.0,5,qkv,partial_band
8.0,0.4955915178571429,0.0080508135670377,0.4893973214285714,0.509765625,92.27679968404452,59.5432046985636,0.0,0.0,5,qkv,partial_band
10.0,0.4961495535714285,0.0085242581098499,0.4891183035714285,0.5100446428571429,153.59177599569176,92.35761865431962,0.0,0.0,5,qkv,partial_band
-10.0,0.0159680132059127,0.0004842669205966,0.0155405098979508,0.016871393178702,22.87648663045947,0.0527390778627392,0.0,0.0,5,lstm,barrage
-8.0,0.0176278609758178,0.0006838827306122,0.017017153349895,0.0189532512195407,23.111934171649683,0.0880128994195378,0.0,0.0,5,lstm,barrage
-6.0,0.0204939454408524,0.0007312171374903,0.0195464628783237,0.0216976605597982,23.24553525339781,0.1993050766936173,0.0,0.0,5,lstm,barrage
-4.0,0.0269939802590539,0.0009966129837624,0.0260054746613907,0.0287476161910662,23.631542678807776,0.1120103359033561,0.0,0.0,5,lstm,barrage
-2.0,0.0380769946539559,0.0010718478339056,0.0365185545797519,0.0398558073250423,23.97262202899129,0.2074815532580899,0.0,0.0,5,lstm,barrage
0.0,0.0617723747322627,0.0010083360200706,0.0606003749088346,0.0632780329242252,22.73957576293676,0.4334554371785705,0.0,0.0,5,lstm,barrage
2.0,0.1104306940579262,0.0027083367373055,0.1057047073090599,0.112947213686611,14.832830436783306,0.2540906538000858,0.0,0.0,5,lstm,barrage
4.0,0.1840941220238095,0.0031982657769816,0.1801060267857142,0.1872674851190476,19.169040829870447,0.3590389063018533,0.0,0.0,5,lstm,barrage
6.0,0.2740978422619048,0.0060622760875731,0.2662760416666667,0.2833891369047619,27.251733561143368,0.3750427297423126,0.0,0.0,5,lstm,barrage
8.0,0.3533482142857143,0.0078796188549972,0.3444010416666667,0.3656994047619047,38.77375793129311,0.5894285224368012,0.0,0.0,5,lstm,barrage
10.0,0.4147135416666667,0.0079744672506633,0.4050409226190476,0.4282924107142857,52.9710643710312,0.7172640268419991,0.0,0.0,5,lstm,barrage
-10.0,0.0294170839260803,0.0083998793876314,0.0142173525108747,0.0400699624968455,22.08170830406348,0.3541097097492461,0.0,0.0,5,lstm,cw
-8.0,0.0582363081216219,0.0235646266487431,0.0148673675168734,0.0852697293405998,17.280327483123283,3.5282668250583185,0.0,0.0,5,lstm,cw
-6.0,0.1427117867015535,0.0677060456011363,0.0157924050213729,0.2157831101190476,13.650051247025033,4.9584553895258505,0.0,0.0,5,lstm,cw
-4.0,0.2889873659964689,0.1378104138751134,0.0187370531966303,0.3999255952380952,15.1771927675264,4.537307371537602,0.0,0.0,5,lstm,cw
-2.0,0.3789745835580602,0.1778741457771554,0.0241511915998246,0.4913504464285714,17.518113036446817,3.835156862139172,0.0,0.0,5,lstm,cw
0.0,0.4046515735888187,0.183777743608604,0.0374877786583791,0.5083705357142857,21.48227370895371,2.6703332953252774,0.0,0.0,5,lstm,cw
2.0,0.4145750041803581,0.1704202040435975,0.0742701101875045,0.5103236607142857,26.756751668451194,2.699104956202375,0.0,0.0,5,lstm,cw
4.0,0.4408296130952381,0.1187004680794133,0.2041480654761905,0.5103236607142857,36.04383175566048,7.641053580264283,0.0,0.0,5,lstm,cw
6.0,0.4773623511904762,0.0462073040863486,0.3868117559523809,0.5103236607142857,53.48360742062782,11.774408977550266,0.0,0.0,5,lstm,cw
8.0,0.4959263392857143,0.0123142690767827,0.4796316964285714,0.5103236607142857,79.27204031373824,17.441103935079408,0.0,0.0,5,lstm,cw
10.0,0.501171875,0.0095265702378898,0.4896763392857143,0.5103236607142857,113.15827489168456,25.633089503085223,0.0,0.0,5,lstm,cw
-10.0,0.0215833603340959,0.0052082119467225,0.0160149346608556,0.0313844619324322,22.61066993342824,0.3799057531629943,0.0,0.0,5,lstm,partial_band
-8.0,0.036130015697931,0.0168726112995817,0.0189684347995245,0.0680188196071697,21.151752281349776,2.8443127284380987,0.0,0.0,5,lstm,partial_band
-6.0,0.0787807017687194,0.044494675603353,0.0309105908767035,0.1605840773809523,16.678563941570722,4.727193328213569,0.0,0.0,5,lstm,partial_band
-4.0,0.1686399051947257,0.0891187629589318,0.0605113358775144,0.3200799851190475,13.76189635894097,3.2428760156769725,0.0,0.0,5,lstm,partial_band
-2.0,0.2960412680697278,0.1038236822352772,0.1396650457057823,0.4456845238095238,14.054591485347634,2.4599196302624216,0.0,0.0,5,lstm,partial_band
0.0,0.4033389136904762,0.0704543239099858,0.2774832589285714,0.48046875,17.300188515744164,3.9891771741806017,0.0,0.0,5,lstm,partial_band
2.0,0.4635416666666666,0.0305778338845745,0.4033668154761904,0.4877232142857143,22.130664268872135,6.108546038207745,0.0,0.0,5,lstm,partial_band
4.0,0.4895647321428571,0.0088490459507159,0.478515625,0.5055803571428571,29.279301113048653,8.94662654643322,0.0,0.0,5,lstm,partial_band
6.0,0.4954241071428571,0.0082006571239157,0.4891183035714285,0.5103236607142857,40.3277192072558,12.86301647282492,0.0,0.0,5,lstm,partial_band
8.0,0.4969866071428572,0.0090779908069922,0.4896763392857143,0.5103236607142857,57.07916940204932,18.9274172199096,0.0,0.0,5,lstm,partial_band
10.0,0.4973772321428572,0.0094728103455012,0.4896763392857143,0.5103236607142857,81.1527957341631,28.084470275081483,0.0,0.0,5,lstm,partial_band
-10.0,0.0158541911227199,0.0005411560357521,0.0152158908692363,0.0165933213275848,22.894893091067352,0.0374003836384778,0.0,0.0,5,mc_dlsk,barrage
-8.0,0.0174146157132479,0.0005971504776353,0.0164103994114398,0.0181161801524858,23.09761776319095,0.1027111004581849,0.0,0.0,5,mc_dlsk,barrage
-6.0,0.020240344871964,0.000839080193523,0.0189625480702722,0.0212991312980056,23.29104931133133,0.197085215077009,0.0,0.0,5,mc_dlsk,barrage
-4.0,0.0262304297285286,0.0008225156981589,0.0253346980784278,0.02725579026598,23.523840999102216,0.1230274101653645,0.0,0.0,5,mc_dlsk,barrage
-2.0,0.038082702849787,0.0010265117491825,0.0370069592534921,0.0393652849878795,23.729051882658883,0.2151336369953403,0.0,0.0,5,mc_dlsk,barrage
0.0,0.0617984773374117,0.0002779903743469,0.061352243640632,0.0621246696371263,22.301805763792157,0.3097135904193753,0.0,0.0,5,mc_dlsk,barrage
2.0,0.1084805698393867,0.0021297034027974,0.1053641949568289,0.1118313033073077,13.075431672760274,0.1427094673086335,0.0,0.0,5,mc_dlsk,barrage
4.0,0.1838411458333333,0.0023268119052236,0.1799386160714285,0.1870349702380952,17.008281470421718,0.3430499564075385,0.0,0.0,5,mc_dlsk,barrage
6.0,0.2704520089285714,0.0031798516136744,0.2661365327380952,0.2759486607142857,24.7783593485917,0.6243322832266455,0.0,0.0,5,mc_dlsk,barrage
8.0,0.3469494047619047,0.0051433553033916,0.337983630952381,0.3539806547619047,36.2190895832412,0.920039195169411,0.0,0.0,5,mc_dlsk,barrage
10.0,0.4052083333333333,0.0037436022285994,0.400297619047619,0.4090401785714285,49.47317419956352,1.342364947411179,0.0,0.0,5,mc_dlsk,barrage
-10.0,0.0272550631371731,0.007363487362299,0.014602622967974,0.0372448059432379,22.268999790418448,0.4610669465368607,0.0,0.0,5,mc_dlsk,cw
-8.0,0.0541152670561332,0.0216009598739608,0.0152161485861152,0.0800216896199039,18.202783950768683,3.683390567742743,0.0,0.0,5,mc_dlsk,cw
-6.0,0.1339009141332518,0.0656771320740151,0.015815555997892,0.2147042410714285,12.654128235241185,5.443126801637796,0.0,0.0,5,mc_dlsk,cw
-4.0,0.2777026727729816,0.1337166142091377,0.0178381406506223,0.4000186011904761,14.357432352522428,4.972135665844306,0.0,0.0,5,mc_dlsk,cw
-2.0,0.3740603439850474,0.175558543708229,0.0241335651633322,0.4877232142857143,17.186990040085583,4.089525101019131,0.0,0.0,5,mc_dlsk,cw
0.0,0.4053645794262805,0.1794514961064747,0.0469121828456883,0.5072544642857143,22.115044865105556,3.7957103454818193,0.0,0.0,5,mc_dlsk,cw
2.0,0.4310796662414966,0.1373228770792733,0.1570724383503401,0.5100446428571429,29.73853152709093,11.82810740503445,0.0,0.0,5,mc_dlsk,cw
4.0,0.486235119047619,0.0290370481793144,0.4311755952380952,0.5103236607142857,51.55882620435208,25.770793559578816,0.0,0.0,5,mc_dlsk,cw
6.0,0.4996651785714285,0.0092580126372278,0.4896763392857143,0.5103236607142857,94.09200053633056,52.42463329540761,0.0,0.0,5,mc_dlsk,cw
8.0,0.5016741071428572,0.0098220626824516,0.4896763392857143,0.5103236607142857,159.4692101617465,88.03567705728446,0.0,0.0,5,mc_dlsk,cw
10.0,0.5020647321428572,0.0101150804110465,0.4896763392857143,0.5103236607142857,225.5350230304577,105.78330643988843,0.0,0.0,5,mc_dlsk,cw
-10.0,0.0212946669841133,0.004998362570731,0.0160964416242046,0.0304008228329863,22.798430106925707,0.3057236391950422,0.0,0.0,5,mc_dlsk,partial_band
-8.0,0.0357644215491466,0.016554703667665,0.0203907146153401,0.0672854816901456,20.884135420285507,3.3562076673995813,0.0,0.0,5,mc_dlsk,partial_band
-6.0,0.0781215360123533,0.044040413304636,0.0331010449837506,0.1589657738095237,16.151118713387564,5.541701888180111,0.0,0.0,5,mc_dlsk,partial_band
-4.0,0.1676937744257928,0.0898133664398563,0.0641006622138795,0.3206845238095238,12.034608366771668,3.1329568934564964,0.0,0.0,5,mc_dlsk,partial_band
-2.0,0.2949237351190476,0.1007171073912528,0.1435639880952381,0.4359188988095238,11.777601460967738,2.286431785346002,0.0,0.0,5,mc_dlsk,partial_band
0.0,0.4046875,0.0697631542206134,0.2794828869047619,0.4796316964285714,14.479626778064867,3.772665392327228,0.0,0.0,5,mc_dlsk,partial_band
2.0,0.4636346726190476,0.0312429130285969,0.4027157738095238,0.4877232142857143,19.07657021696067,6.48605043561437,0.0,0.0,5,mc_dlsk,partial_band
4.0,0.4890066964285714,0.0106108990688699,0.4743303571428571,0.5072544642857143,27.701556339988507,11.689696402630698,0.0,0.0,5,mc_dlsk,partial_band
6.0,0.4955357142857143,0.008167172489498,0.4891183035714285,0.5100446428571429,43.0993794085113,20.715798465428023,0.0,0.0,5,mc_dlsk,partial_band
8.0,0.4971540178571428,0.0092411792609305,0.4896763392857143,0.5103236607142857,66.98975448571335,33.77289471995471,0.0,0.0,5,mc_dlsk,partial_band
10.0,0.497265625,0.0093550489239713,0.4896763392857143,0.5103236607142857,97.81244980720182,47.445571504979874,0.0,0.0,5,mc_dlsk,partial_band
