summary,arch,key_bin,guard_factor,n,target_id_rate,peer_false_rate,fallback_rate,mean_abs_err
all,conv1d,all,1.0,4000,0.10875,0.003,0.88225,4.532342805987224
all,conv1d,all,1.25,4000,0.10875,0.003,0.8235,4.532342805987224
all,conv1d,all,1.5,4000,0.10875,0.003,0.77825,4.532342805987224
all,conv1d,all,2.0,4000,0.10875,0.003,0.697,4.532342805987224
offset_samples,conv1d,-1,1.0,53,0.0,0.0,1.0,8.236046286124104
offset_samples,conv1d,-1,1.25,53,0.0,0.0,1.0,8.236046286124104
offset_samples,conv1d,-1,1.5,53,0.0,0.0,1.0,8.236046286124104
offset_samples,conv1d,-1,2.0,53,0.0,0.0,0.9622641509433962,8.236046286124104
offset_samples,conv1d,-2,1.0,32,0.0,0.0,0.78125,9.122430155053735
offset_samples,conv1d,-2,1.25,32,0.0,0.0,0.75,9.122430155053735
offset_samples,conv1d,-2,1.5,32,0.0,0.0,0.75,9.122430155053735
offset_samples,conv1d,-2,2.0,32,0.0,0.0,0.6875,9.122430155053735
offset_samples,conv1d,-3,1.0,17,0.0,0.0,0.8823529411764706,9.570529860608717
offset_samples,conv1d,-3,1.25,17,0.0,0.0,0.8235294117647058,9.570529860608717
offset_samples,conv1d,-3,1.5,17,0.0,0.0,0.8235294117647058,9.570529860608717
offset_samples,conv1d,-3,2.0,17,0.0,0.0,0.7647058823529411,9.570529860608717
offset_samples,conv1d,-4,1.0,4,0.0,0.0,1.0,9.334457650780678
offset_samples,conv1d,-4,1.25,4,0.0,0.0,0.75,9.334457650780678
offset_samples,conv1d,-4,1.5,4,0.0,0.0,0.75,9.334457650780678
offset_samples,conv1d,-4,2.0,4,0.0,0.0,0.75,9.334457650780678
offset_samples,conv1d,0,1.0,93,0.010752688172043012,0.0,1.0,7.578540030025667
offset_samples,conv1d,0,1.25,93,0.010752688172043012,0.0,1.0,7.578540030025667
offset_samples,conv1d,0,1.5,93,0.010752688172043012,0.0,1.0,7.578540030025667
offset_samples,conv1d,0,2.0,93,0.010752688172043012,0.0,1.0,7.578540030025667
offset_samples,conv1d,1,1.0,140,0.007142857142857143,0.014285714285714285,1.0,7.544149868509599
offset_samples,conv1d,1,1.25,140,0.007142857142857143,0.014285714285714285,0.9857142857142858,7.544149868509599
offset_samples,conv1d,1,1.5,140,0.007142857142857143,0.014285714285714285,0.9785714285714285,7.544149868509599
offset_samples,conv1d,1,2.0,140,0.007142857142857143,0.014285714285714285,0.9071428571428571,7.544149868509599
offset_samples,conv1d,2,1.0,206,0.03398058252427184,0.014563106796116505,0.9174757281553398,6.719347313697477
offset_samples,conv1d,2,1.25,206,0.03398058252427184,0.014563106796116505,0.8543689320388349,6.719347313697477
offset_samples,conv1d,2,1.5,206,0.03398058252427184,0.014563106796116505,0.8300970873786407,6.719347313697477
offset_samples,conv1d,2,2.0,206,0.03398058252427184,0.014563106796116505,0.7718446601941747,6.719347313697477
offset_samples,conv1d,3,1.0,173,0.03468208092485549,0.005780346820809248,0.9132947976878613,6.046394709562291
offset_samples,conv1d,3,1.25,173,0.03468208092485549,0.005780346820809248,0.8786127167630058,6.046394709562291
offset_samples,conv1d,3,1.5,173,0.03468208092485549,0.005780346820809248,0.8497109826589595,6.046394709562291
offset_samples,conv1d,3,2.0,173,0.03468208092485549,0.005780346820809248,0.7687861271676301,6.046394709562291
offset_samples,conv1d,4,1.0,3282,0.12797074954296161,0.0018281535648994515,0.8689823278488726,3.963957687943157
offset_samples,conv1d,4,1.25,3282,0.12797074954296161,0.0018281535648994515,0.8046922608165753,3.963957687943157
offset_samples,conv1d,4,1.5,3282,0.12797074954296161,0.0018281535648994515,0.7528945764777575,3.963957687943157
offset_samples,conv1d,4,2.0,3282,0.12797074954296161,0.0018281535648994515,0.6663619744058501,3.963957687943157
amplitude_ratio,conv1d,comparable,1.0,497,0.1006036217303823,0.002012072434607646,0.8511066398390342,5.0728529007202185
amplitude_ratio,conv1d,comparable,1.25,497,0.1006036217303823,0.002012072434607646,0.778672032193159,5.0728529007202185
amplitude_ratio,conv1d,comparable,1.5,497,0.1006036217303823,0.002012072434607646,0.7263581488933601,5.0728529007202185
amplitude_ratio,conv1d,comparable,2.0,497,0.1006036217303823,0.002012072434607646,0.6398390342052314,5.0728529007202185
amplitude_ratio,conv1d,peer_stronger,1.0,1131,0.06896551724137931,0.0,0.8196286472148541,5.529323506141847
amplitude_ratio,conv1d,peer_stronger,1.25,1131,0.06896551724137931,0.0,0.7409372236958444,5.529323506141847
amplitude_ratio,conv1d,peer_stronger,1.5,1131,0.06896551724137931,0.0,0.6710875331564987,5.529323506141847
amplitude_ratio,conv1d,peer_stronger,2.0,1131,0.06896551724137931,0.0,0.5897435897435898,5.529323506141847
amplitude_ratio,conv1d,target_gt1.25,1.0,344,0.10174418604651163,0.0,0.877906976744186,4.133359502957657
amplitude_ratio,conv1d,target_gt1.25,1.25,344,0.10174418604651163,0.0,0.8284883720930233,4.133359502957657
amplitude_ratio,conv1d,target_gt1.25,1.5,344,0.10174418604651163,0.0,0.7877906976744186,4.133359502957657
amplitude_ratio,conv1d,target_gt1.25,2.0,344,0.10174418604651163,0.0,0.6918604651162791,4.133359502957657
amplitude_ratio,conv1d,target_gt2,1.0,2028,0.1341222879684418,0.005424063116370809,0.9255424063116371,3.911549693208621
amplitude_ratio,conv1d,target_gt2,1.25,2028,0.1341222879684418,0.005424063116370809,0.8796844181459567,3.911549693208621
amplitude_ratio,conv1d,target_gt2,1.5,2028,0.1341222879684418,0.005424063116370809,0.849112426035503,3.911549693208621
amplitude_ratio,conv1d,target_gt2,2.0,2028,0.1341222879684418,0.005424063116370809,0.7716962524654832,3.911549693208621
co_range,conv1d,co_range,1.0,93,0.010752688172043012,0.0,1.0,7.578540030025667
co_range,conv1d,co_range,1.25,93,0.010752688172043012,0.0,1.0,7.578540030025667
co_range,conv1d,co_range,1.5,93,0.010752688172043012,0.0,1.0,7.578540030025667
co_range,conv1d,co_range,2.0,93,0.010752688172043012,0.0,1.0,7.578540030025667
co_range,conv1d,separated,1.0,3907,0.11108267212695162,0.0030714102892244687,0.8794471461479396,4.4598328643861045
co_range,conv1d,separated,1.25,3907,0.11108267212695162,0.0030714102892244687,0.8192986946506271,4.4598328643861045
co_range,conv1d,separated,1.5,3907,0.11108267212695162,0.0030714102892244687,0.7729715894548247,4.4598328643861045
co_range,conv1d,separated,2.0,3907,0.11108267212695162,0.0030714102892244687,0.6897875607883286,4.4598328643861045
