snr_db,ber,mse_tau,mse_fd,n_errors,n_symbols,corr_tau,corr_fd,mse_tau_argmax,corr_tau_argmax,exact_tau,exact_tau_argmax
-5.0,0.10846,91.0575072847488,0.0,10846,100000,0.17589264982615108,0.0,164.35886,0.0947598845914903,0.03392,0.11885
-3.0,0.03683,85.5770894642013,0.0,3683,100000,0.2616283404920139,0.0,154.03964,0.15241851618978255,0.03603,0.16841
-1.0,0.01049,78.24542905091005,0.0,1049,100000,0.3750803721028545,0.0,140.66614,0.23407444954141185,0.04216,0.24499
1.0,0.00344,69.95055943470007,0.0,344,100000,0.4777893090185485,0.0,123.47654,0.32676042884902595,0.05208,0.34154
3.0,0.001005,59.662354088849256,0.0,201,200000,0.5851122952383528,0.0,102.27585,0.44637843513150993,0.071105,0.450875
5.0,0.00052,48.254048470653764,0.0,156,300000,0.6846827099079981,0.0,81.43833333333333,0.5599672170777875,0.10071,0.5666333333333333
7.0,0.000248,37.156087770500235,0.0,124,500000,0.7690983685579347,0.0,61.800796,0.6666485671731014,0.140194,0.673968
9.0,0.00018833333333333332,26.470056222362352,0.0,113,600000,0.8420385351975822,0.0,42.807073333333335,0.7686172331787231,0.18725666666666665,0.7741033333333334
11.0,0.0001,17.315280611576576,0.0,100,1000000,0.8998713641412645,0.0,26.810849,0.8546194354847529,0.234726,0.860496
13.0,0.000102,10.173055883727603,0.0,102,1000000,0.9423540241316943,0.0,14.614816,0.9203744531604667,0.278427,0.925683
15.0,0.00011444444444444444,5.256445370112563,0.0,103,900000,0.9706552130524767,0.0,6.3007011111111115,0.965488060802196,0.31466444444444447,0.9685955555555555
17.0,0.000103,2.605764851962515,0.0,103,1000000,0.9858000885117464,0.0,2.133881,0.9882652525960575,0.339019,0.989925
19.0,8.23076923076923e-05,1.4569252572007405,0.0,107,1300000,0.9925995825969636,0.0,0.4686046153846154,0.9974177074147037,0.3510246153846154,0.9978207692307692
21.0,8.384615384615384e-05,1.1018405300316982,0.0,109,1300000,0.9949545684238923,0.0,0.06306615384615384,0.9996522154510202,0.3566553846153846,0.9996776923076923
