n_sym,n_err,ber,mse_tau,mse_fd,corr_tau,margin_mean,attn_entropy,attn_maxw,conv1_energy,conv1_cos,conv2_energy,conv2_cos,pool_projection_energy,pool_projection_cos,attn_weights_energy,attn_weights_cos,attn_pool_energy,attn_pool_cos,sensing_delay_profile_energy,sensing_delay_profile_cos,sensing_features_energy,sensing_features_cos,arch,jammer,jsr_db,realization
240000,4153,0.017304166666666666,23.932477084130863,0.0,0.7101472384347417,2.7380561609903973,4.5908754810418495,0.01756688575943311,0.006573293324063222,0.9969110655784607,0.005999248027056456,0.9898074763615926,0.006051527284334103,0.9853847303390503,0.00010324298440633963,,0.002317388072734078,0.9869757962226867,0.016419430940349897,0.9842071652412414,0.03505633607606093,0.9810872178077698,conv1d,cw,-10.0,0
240000,30282,0.126175,25.698226227828318,0.0,0.6855021517218893,2.0844205083211262,4.5916726477143675,0.017372602915763855,0.007623961558938026,0.9882538816134135,0.006656074725091457,0.9540763584772746,0.007018028991172711,0.9136357046763102,0.00010304743976642688,,0.002857178606217106,0.9227512923876444,0.01736609409650167,0.9643198146820068,0.03824193455974261,0.951272476832072,conv1d,cw,-6.0,0
240000,108543,0.4522625,29.074431951810826,0.0,0.6404589492987417,0.32501675024032595,4.591480787364515,0.017001494493087133,0.010316911862790585,0.9643235041300455,0.00883304830789566,0.8438327878316243,0.01103169165601333,0.6799531912008921,0.00010303223717880124,,0.00564333557387193,0.694262129465739,0.019728021253148716,0.9267249070803324,0.0461793086151282,0.8735172251065572,conv1d,cw,-2.0,0
240000,119947,0.49977916666666666,35.26902956521612,0.0,0.577513823475774,-0.010463897601763408,4.586731389727074,0.016981251955032348,0.01728254361550013,0.9243723009427388,0.015910280095537504,0.6994874590237935,0.02637529037296772,0.5430867545604706,0.00010394155404452856,,0.018332054388523103,0.5425833955605824,0.025635582543412843,0.8669632156689961,0.06846891503135363,0.7231853555838267,conv1d,cw,2.0,0
240000,120000,0.5,46.48361608751273,0.0,0.4843740010619008,-0.012295508909225464,4.577542670831285,0.018174638416369755,0.035354072974125544,0.8850375156402588,0.037066917552550635,0.6111985490322113,0.0758021181623141,0.5172304986317953,0.00010578916208275283,,0.06301971477270127,0.5147543358008067,0.04043455730477969,0.7865387152036031,0.13113344711462657,0.5871140883763631,conv1d,cw,6.0,0
240000,120000,0.5,62.89989522189789,0.0,0.3621318397574224,-0.015162159681320191,4.563797018857705,0.02035837011138598,0.08202569878896078,0.8593339918454488,0.09531228611469268,0.5719221715927124,0.211546360150973,0.5101762324968974,0.00010866017197258771,,0.1851647134542465,0.50812677637736,0.07754427090088527,0.6932655695279439,0.28943544063568116,0.5229102289676666,conv1d,cw,10.0,0
240000,2937,0.0122375,23.7002600058522,0.0,0.713146666364711,2.780313626607259,4.590325395865923,0.017831450363000233,0.0065134332162638505,0.9973725805282593,0.005981092617412408,0.9926853798230489,0.005968879280984401,0.9899244055747985,0.00010337883332977072,,0.0022894636277109386,0.991004913965861,0.016285759094854194,0.9866627122561137,0.034878868388136225,0.984659238020579,conv1d,cw,-10.0,1
240000,17655,0.0735625,25.144191502914996,0.0,0.693224139247066,2.3791606419881184,4.590570549477783,0.017996721943219503,0.007477662131935358,0.9895275015830993,0.006556344289084275,0.9669556741714478,0.006677144484221935,0.9430306280453999,0.00010332752891505758,,0.002674952913696567,0.9496883988380432,0.017061120131611825,0.9695164141654968,0.03781175723473231,0.9604565159479777,conv1d,cw,-6.0,1
240000,92435,0.38514583333333335,27.77732456247954,0.0,0.6563168360514966,0.7125895594278971,4.58966622629742,0.018317927420139313,0.009958125911653041,0.9661740622520447,0.008369954943160215,0.8766626726786295,0.009702542810638745,0.7426278603076935,0.00010351997629428903,,0.004740412732710441,0.7606652657190959,0.01901076744000117,0.9358879446983337,0.04499452676773071,0.8944549098014831,conv1d,cw,-2.0,1
240000,119758,0.49899166666666667,32.19254534931451,0.0,0.6044145863022282,-0.0020159694989522296,4.582773917875945,0.01949985400835673,0.016408875219027202,0.9238329574267069,0.014221390778323014,0.725269774834315,0.02204975600838661,0.5560669282277425,0.00010500317012192681,,0.014639433138569196,0.5584574296474457,0.023911274391412735,0.879607010046641,0.06459926945169767,0.7508575856685639,conv1d,cw,2.0,1
240000,120000,0.5,39.91209253676053,0.0,0.527107557004508,-0.012515958746274312,4.5656595611768545,0.022716243187586468,0.033236690682172776,0.8787300432523092,0.03213614491422971,0.6126165082454681,0.06487398038307826,0.5167452239990235,0.0001088764216324004,,0.052880379901329676,0.5139598580201467,0.03622588636477788,0.800102972984314,0.12128674085934957,0.6048602145512899,conv1d,cw,6.0,1
240000,120000,0.5,50.56440369505146,0.0,0.4141600505107241,-0.011423888254165649,4.5375134380601745,0.0278474253932635,0.07686986202001572,0.8464358530044556,0.08289360542297364,0.559115443388621,0.18872276380062103,0.508407711982727,0.00011576245845838761,,0.1646906782388687,0.5056975699265798,0.06716686817407608,0.7047524827321371,0.26932101882298787,0.5343910675048829,conv1d,cw,10.0,1
240000,1247,0.0051958333333333336,23.466436836583586,0.0,0.7160814746855599,2.842103349304199,4.588665556897916,0.018435122609138488,0.006469386131316424,0.9982030208905538,0.0059729039231936135,0.9972461889584859,0.005822202552606662,0.997352550347646,0.00010379874515347183,,0.00221396608389914,0.9972906125386556,0.01641785812228918,0.9834275582631429,0.03514837441245715,0.9878017188707987,conv1d,cw,-10.0,2
240000,1424,0.005933333333333333,24.12512765529344,0.0,0.7064880396308678,2.825183866373698,4.58680758381738,0.019321832056840262,0.007359695623318355,0.9930927851994832,0.006448363959789276,0.9895490922927856,0.006015407254298528,0.9908575406074523,0.00010429367876301209,,0.0022243992822865645,0.9907289940516154,0.01738802174925804,0.9617699847221375,0.03821331886053085,0.9747472489674887,conv1d,cw,-6.0,2
240000,2059,0.008579166666666667,25.48217004811565,0.0,0.6865770010478036,2.7729985260009764,4.582312641043246,0.02105421016216278,0.009636357308427494,0.9768815495173137,0.007696307951460282,0.9589498701095581,0.006566128929207722,0.9641210249265035,0.00010549777418297405,,0.0023537744029114645,0.966060388247172,0.019824115094542502,0.91881378809611,0.04478862945437431,0.9502430232365926,conv1d,cw,-2.0,2
240000,4542,0.018925,27.996404864045925,0.0,0.6492161739035289,2.585497104136149,4.571533699793863,0.024174668860435487,0.015527650139232477,0.9445045326550802,0.011119772184888521,0.8733818653424581,0.00815630751575033,0.8835631361007691,0.0001084010431348967,,0.002948125895857811,0.9000551721254985,0.0259419621715943,0.8473472963968913,0.05848400386373202,0.9071898612976074,conv1d,cw,2.0,2
240000,14898,0.062075,32.91509575403534,0.0,0.5743586740571286,2.015023350270589,4.5483061643816525,0.028917313035329184,0.030869863080978395,0.9081818966865539,0.02084707366724809,0.7465530621210734,0.01247401425689459,0.7411920169194539,0.00011468259891650329,,0.0050090507385631405,0.7855826783180236,0.04130717132488886,0.7505934448242187,0.08622888665994008,0.8417127292950948,conv1d,cw,6.0,2
240000,40660,0.16941666666666666,44.812360143978324,0.0,0.4153976464518303,1.4138246437072755,4.508527852759529,0.034515056053797406,0.07069007461071014,0.882847691377004,0.048342193047205606,0.6413943144480387,0.023863520628213883,0.5838437368075053,0.0001253778596020614,,0.011974018931388854,0.645548065106074,0.0798994591832161,0.644177459081014,0.14110867211023967,0.7647583192189534,conv1d,cw,10.0,2
240000,4083,0.0170125,24.521265911910806,0.0,0.7021174051896536,2.7354533396402996,4.586494942959719,0.01881876001358032,0.006476505900919438,0.9981616264979044,0.006303749202688535,0.992502581914266,0.006068897702296575,0.9870991091728211,0.00010431742418635016,,0.00234023146815598,0.9864575761159261,0.016854584710796674,0.977042134920756,0.037037764966487884,0.9797364978790283,conv1d,cw,-10.0,3
240000,30050,0.12520833333333334,27.187111525779322,0.0,0.6673797568962859,2.093282187906901,4.580853958871618,0.02030040606657664,0.007375679539392391,0.9934442771275839,0.0073325916096568106,0.9701652242342631,0.006976154570778211,0.9300098652839661,0.00010572002388071269,,0.002855629632373651,0.9255819005966186,0.018484318298101425,0.9480968793233235,0.042831153082847594,0.9527888334592184,conv1d,cw,-6.0,3
240000,108866,0.45360833333333334,31.499828349007657,0.0,0.615744679552141,0.353164022064209,4.564642700268094,0.02352673359711965,0.009662673206130663,0.9798210093180338,0.01017152727941672,0.9025454823176066,0.01049304645806551,0.7351833772659302,0.00010974618567076201,,0.005402634650717179,0.7192931501070658,0.022576760718226434,0.8942417647043864,0.05659594784180323,0.8893162371317546,conv1d,cw,-2.0,3
240000,119956,0.4998166666666667,35.34630708672983,0.0,0.5715290444837442,0.0011519479195276896,4.519300751663238,0.029081540902455648,0.015530298823614916,0.9547379603385925,0.018299524076779684,0.7935447486241659,0.023930058745543163,0.5788344190915425,0.00012088256641679133,,0.017578322206934293,0.568190611521403,0.03285450947483381,0.8122601857185364,0.0914512629032135,0.7671727323532105,conv1d,cw,2.0,3
240000,120000,0.5,41.52755628990965,0.0,0.49605097498853057,-0.007125933925310771,4.415321075865034,0.0372688866853714,0.03068016996383667,0.9278119761149088,0.04152087888121605,0.7023418617248535,0.07026300661563874,0.5336977872848511,0.00014590229507690917,,0.07000296798149745,0.530188145716985,0.05866787382364273,0.7111007257302602,0.18648847986062367,0.6574240531126658,conv1d,cw,6.0,3
240000,120000,0.5,74.56196782866589,0.0,0.297635737808818,-0.00546368522644043,4.210893342189673,0.05055848321119944,0.06977471555074057,0.90905499680837,0.10540065788030624,0.6500455609957377,0.2095783942302068,0.5161824673016866,0.0001963403600268066,,0.26354826114972435,0.5133707860310872,0.12350308717886607,0.6079402216275533,0.44004248466491697,0.60109739112854,conv1d,cw,10.0,3
240000,3500,0.014583333333333334,24.38366269984838,0.0,0.7041555540827565,2.75376472269694,4.587702464924011,0.01823488604426384,0.006509177381793658,0.9971642945607503,0.006263328689336776,0.9910290616353353,0.00600270453641812,0.9870671448707581,0.00010398271987990786,,0.0022853688967724643,0.9870639505386353,0.016472794775168102,0.9837304255167644,0.03650290988584359,0.9815345385869344,conv1d,cw,-10.0,4
240000,24791,0.10329583333333334,26.675127358099047,0.0,0.6742578246038977,2.19780050684611,4.584140600407697,0.018988966010014215,0.007458768302202224,0.9897887007395426,0.0072601193383336066,0.9627690814336141,0.006811367120345434,0.9309379997253417,0.0001048107908689417,,0.0026945184965928397,0.9291489051183065,0.017528781454761822,0.9625471979777018,0.041502225617567695,0.9560197132428487,conv1d,cw,-6.0,4
240000,104357,0.4348208333333333,30.30340162414313,0.0,0.6293923081134274,0.46751203951835635,4.574122924999508,0.02086307562192281,0.009870313393572966,0.9702319765090942,0.010086466197669506,0.8812241390546163,0.009974033605058987,0.7355573163032532,0.00010714840108606343,,0.004787844861795505,0.72621591035525,0.020182070501645406,0.9206596819559733,0.053253330274422965,0.8943065668741862,conv1d,cw,-2.0,4
240000,119890,0.49954166666666666,32.4917036287303,0.0,0.5965859618003172,0.000469303814570109,4.5460761860112,0.024599315698941547,0.01603789864977201,0.9378780636787415,0.018300499804814657,0.7648699425856272,0.02188246275583903,0.5686249337991078,0.00011375020493287593,,0.014579620290299257,0.5613052713871002,0.02684805076420307,0.8509354661305746,0.08264968210458755,0.7740815593401591,conv1d,cw,2.0,4
240000,119999,0.4999958333333333,34.4051849566992,0.0,0.552351100520446,-0.014567438793182372,4.475652940648454,0.030664312664667764,0.031895617097616194,0.9056356840133667,0.04169357786178589,0.6779903438091278,0.06245314260919889,0.5176666712760926,0.00013050532461299252,,0.05651408457756042,0.512393312851588,0.04359417161544164,0.7560522643725077,0.16117017681598664,0.661052958170573,conv1d,cw,6.0,4
240000,120000,0.5,49.30047628238178,0.0,0.394406064114914,-0.012392197990417481,4.316093904214429,0.040524590881665545,0.07266891225179037,0.8841381219228108,0.10550093964735667,0.6299863551457723,0.18468783945242565,0.499710985660553,0.00016909270780937125,,0.215768727739652,0.4886834883292516,0.08566159160534541,0.6504375626246135,0.3682353499412537,0.5957107659975688,conv1d,cw,10.0,4
240000,1522,0.0063416666666666665,23.74361667134493,0.0,0.7122110653492484,2.8289874979654948,4.589085561464894,0.018182863616943358,0.006512777829666932,0.9977501951853435,0.006078348391254743,0.9959931646982829,0.005884306499858698,0.9956740732192993,0.00010367959937624012,,0.002202511866266529,0.9957564895947775,0.01647191457549731,0.9829502067565918,0.03572339309851329,0.984785573164622,conv1d,barrage,-10.0,0
240000,2308,0.009616666666666667,24.64634368634491,0.0,0.6991480764244338,2.787488131713867,4.5876681228598954,0.018839641006787616,0.0074728090196847915,0.99389635181427,0.006745649472375711,0.9876068863868713,0.006275901105751594,0.9864926975568136,0.00010404004411927114,,0.0022407438799738884,0.9868153915405273,0.017523739780982334,0.9594676275253295,0.04016662673354149,0.9677629928588867,conv1d,barrage,-6.0,0
240000,5467,0.022779166666666666,26.10027495446439,0.0,0.6775401962576001,2.6430578125,4.583432041743922,0.020423922123511632,0.009928858578701814,0.9848817900021871,0.008557871194928884,0.9612759391466776,0.007556149291743835,0.9546456716855367,0.0001051180665846914,,0.002532395850991209,0.9568151507377625,0.020164919793605806,0.9095037190119425,0.05158612591028214,0.9352622539202372,conv1d,barrage,-2.0,0
240000,19107,0.0796125,28.383675617025155,0.0,0.6421115430573898,2.1280738474527996,4.569815670818012,0.024279119316736857,0.01626800919920206,0.9697902291615804,0.013583299773931504,0.8992544150352478,0.01169199100335439,0.875707067489624,0.00010865939413197339,,0.0038872467931360005,0.882214779694875,0.026797859929005304,0.8203160312970479,0.0816945498585701,0.8855077616373698,conv1d,barrage,2.0,0
240000,54423,0.2267625,34.783746278952385,0.0,0.5361234890675011,1.243172196451823,4.525120752859392,0.03377768018245697,0.03269555702805519,0.9527880023320516,0.02756625597178936,0.8093659907976787,0.02449561823407809,0.7661148390769958,0.00012133490954680989,,0.0097181653012832,0.7731543668905894,0.04345682813922564,0.6980407741069794,0.16238861853281658,0.8295648647944133,conv1d,barrage,6.0,0
240000,91563,0.3815125,50.96815804596123,0.0,0.2947855370694964,0.6245840686798095,4.382652797401128,0.058626940258344015,0.07513467770417531,0.9388055912653606,0.06588320815563202,0.7282130134105682,0.062160105494658155,0.6764078549544017,0.00017291885473920654,,0.03654220140775045,0.678375763575236,0.08529873882929484,0.573848422050476,0.37932596947352093,0.7831574067274729,conv1d,barrage,10.0,0
240000,1518,0.006325,23.72295765741491,0.0,0.7125139575811097,2.8296066701253255,4.589081410846094,0.01818165276845296,0.006511755552639564,0.9977680244445801,0.006078332513322433,0.9959641771316529,0.005884803729504347,0.9958264554341634,0.0001036802667969217,,0.0022027253129829963,0.9959040021896363,0.0164691975141565,0.9828594346046448,0.035733290932575865,0.9847949560483297,conv1d,barrage,-10.0,1
240000,2287,0.009529166666666667,24.64407042193787,0.0,0.6992074250221074,2.788127857462565,4.587660979337221,0.018838742033640544,0.007471076212078333,0.9939391277631124,0.006745722814649344,0.9875103141466777,0.0062772689354916415,0.9867186563809712,0.00010404106682011237,,0.002241113971422116,0.9870447451273601,0.01751901456216971,0.9592007888158163,0.040185475623607636,0.9674040819803874,conv1d,barrage,-6.0,1
240000,5422,0.022591666666666666,26.10568721994429,0.0,0.6775085094927027,2.6426500180562336,4.583416869020688,0.02043043173154195,0.009925690067807833,0.9849668045043946,0.008557666472097238,0.9611508099238077,0.007558807563781738,0.9546216150919596,0.00010512107034446671,,0.002533307959511876,0.9569001388549805,0.02015637899140517,0.9087953248023987,0.05161661698420843,0.9345130100250244,conv1d,barrage,-2.0,1
240000,19339,0.08057916666666666,28.35832833467275,0.0,0.6424929633681564,2.1269074109395345,4.569782255644615,0.024308897852897644,0.016262024101118246,0.9699641518592834,0.013582058664162953,0.8992664631207784,0.0116939671104153,0.87521723985672,0.00010867103746859357,,0.003888162173330784,0.8821550631523132,0.026781682099898656,0.8185966626803081,0.08174688047965367,0.8842377796173095,conv1d,barrage,2.0,1
240000,54642,0.227675,34.73002563444586,0.0,0.5369900620513047,1.2433999094645183,4.524994720304624,0.03386498894691467,0.032684189383188886,0.9530440235137939,0.02756273507773876,0.8095285511016845,0.0244963398228089,0.7660032852490744,0.00012140597618805866,,0.009725668892264366,0.7741437451044718,0.04342455222407977,0.6950020206769307,0.1624723172267278,0.8280634390513102,conv1d,barrage,6.0,1
240000,91580,0.38158333333333333,50.93487019110924,0.0,0.2950887873476271,0.6240745727539062,4.382136346453418,0.05884011220932007,0.07511310444672903,0.9390938556989034,0.06587559934854507,0.7284465827941895,0.062164963026841484,0.6764652544657389,0.00017339034795295447,,0.036638880487283074,0.6802013529936473,0.08523091573317845,0.569877372264862,0.3794877378940582,0.7817106088002522,conv1d,barrage,10.0,1
240000,1484,0.006183333333333333,23.76153986400898,0.0,0.711955420231893,2.8299542521158854,4.589082965818648,0.018180329124132793,0.006513738908867041,0.9977119472821554,0.006079363088061412,0.9959476119677225,0.005886865393072367,0.9957351918220521,0.00010368016646631683,,0.0022037451341748236,0.995789484500885,0.016473908847073716,0.9828942362467448,0.035736918253699936,0.9848813853263855,conv1d,barrage,-10.0,2
240000,2211,0.0092125,24.692763343441502,0.0,0.6984886263583671,2.788469407145182,4.58766260855226,0.018839215997854868,0.00747425969367226,0.9938021752039592,0.006747038952509562,0.9874928595225017,0.006279751359919707,0.9865083492596944,0.00010404140148311854,,0.002242404972140988,0.9867914794286092,0.01752641653617223,0.9592591052055359,0.04018855523864428,0.9676902987162272,conv1d,barrage,-6.0,2
240000,5370,0.022375,26.138541526005714,0.0,0.6769965665265427,2.644102010091146,4.5834171564812305,0.020427241758505504,0.009930968256791432,0.9847147231101989,0.008559460347145796,0.9610551012357076,0.007561089854935805,0.9545670385360718,0.00010512275170767679,,0.0025347244040419656,0.956686441898346,0.020167946859200796,0.9088306393623352,0.05162313719789187,0.9348621058464051,conv1d,barrage,-2.0,2
240000,19230,0.080125,28.375909141116548,0.0,0.6422075953395868,2.128802111816406,4.569773987317943,0.024301627544562023,0.016271033651630084,0.9695498948097229,0.0135849947437644,0.8989205365180969,0.011698316191633543,0.8750154619216919,0.00010867724379058927,,0.003891344972451528,0.8816542167663575,0.02679960532983144,0.8184760580062866,0.08176267486810684,0.8846639273961385,conv1d,barrage,2.0,2
240000,54873,0.2286375,34.775179399816,0.0,0.5361705603478885,1.243223124186198,4.52499446101198,0.033828661060333255,0.032700030172864596,0.9525386902491252,0.027567492740352948,0.8090403656959534,0.024507525168855984,0.7648653240203858,0.00012141163532699768,,0.009733779654403528,0.7722609140078227,0.04345192735989888,0.6948076279163361,0.16251353398164115,0.8283268413543701,conv1d,barrage,6.0,2
240000,91523,0.38134583333333333,51.12360297418219,0.0,0.2913935127360764,0.6250303808848063,4.382251065628328,0.05873762542406718,0.07514156966606776,0.9385392079353333,0.06588154361248016,0.7279875661532084,0.06218156074285507,0.674892926454544,0.00017331225966724258,,0.03664177983005842,0.6772371024290721,0.08527171263297399,0.569864418665568,0.37950407781600953,0.7820554553667705,conv1d,barrage,10.0,2
240000,1514,0.006308333333333333,23.728674668833,0.0,0.7124332139380646,2.8295512563069662,4.589087244155504,0.01817868371804555,0.006512670907378197,0.9977199854850769,0.0060788324231902755,0.9959380737940471,0.005885788243015607,0.9956831455230712,0.00010367918429741015,,0.0022036350276321173,0.9957980209986369,0.016475685505568983,0.9829861288070678,0.03573072902262211,0.9849178287188212,conv1d,barrage,-10.0,3
240000,2257,0.009404166666666667,24.63082712580672,0.0,0.6993960346892291,2.7885347178141275,4.587663712920868,0.018838991771141688,0.007472566975653172,0.9938326128323873,0.006746494180212418,0.9874532566070556,0.0062792742172877,0.9863473795255026,0.00010404128079535439,,0.0022427358966320755,0.9867751809755961,0.01752872683604558,0.9595291878382365,0.040187831813097,0.9677697858810425,conv1d,barrage,-6.0,3
240000,5434,0.022641666666666668,26.077373160405774,0.0,0.6779280659534122,2.643782325744629,4.583411988296164,0.02043351302544276,0.00992820080469052,0.9847910297711691,0.008559154328952233,0.9609964853922526,0.007563422629485527,0.9542203195889791,0.00010512413539302846,,0.002536155365034938,0.9564712384541829,0.020170338136951127,0.9097353154818217,0.05163885685801506,0.935215653737386,conv1d,barrage,-2.0,3
240000,19206,0.080025,28.27384091255644,0.0,0.6438177634658288,2.1263124684651693,4.569762431806384,0.024309018143018085,0.016266312991579372,0.9697124541600545,0.013584727683663369,0.8990222643216451,0.011704768592119217,0.8752222088177999,0.00010867964737117291,,0.003894879041612148,0.8819104669888814,0.02680020472407341,0.8208636837005615,0.08179954382975896,0.8855139573415121,conv1d,barrage,2.0,3
240000,54913,0.22880416666666667,34.61284937622529,0.0,0.5389296982370761,1.240217616780599,4.524971582593732,0.033845402987798055,0.03269168406029542,0.9527818419138591,0.027565822130441665,0.809320719162623,0.02451882993777593,0.7654366479714712,0.0001214089470061784,,0.009741838279863198,0.7734284625848135,0.04344486288030942,0.698924231449763,0.162547864818573,0.8299183470408121,conv1d,barrage,6.0,3
240000,91639,0.38182916666666666,50.94421700580453,0.0,0.2947808774222463,0.6213815106709798,4.382144703805288,0.058790406584739684,0.07512658307949702,0.9388589022954305,0.06587647578716278,0.728458285967509,0.06220154094497363,0.6760173624356588,0.00017331128377312172,,0.03666231725215912,0.6794928991794587,0.0852403853615125,0.5748535749912262,0.379488592116038,0.7836444101333618,conv1d,barrage,10.0,3
240000,1505,0.006270833333333333,23.764396141087516,0.0,0.7119014473203651,2.829893690999349,4.5890722102086485,0.018191928525765736,0.006512570754190286,0.9977689460118612,0.006078918914993604,0.9960052205721537,0.005885141130536795,0.9957572043736775,0.0001036837751744315,,0.002203108195463816,0.9958770778973898,0.01647278317908446,0.982747479279836,0.03574934712052345,0.9848572216033935,conv1d,barrage,-10.0,4
240000,2250,0.009375,24.674224933773893,0.0,0.6987326625418923,2.78855349222819,4.58764241404958,0.018856213959058125,0.007472458518048127,0.9939603449503581,0.006746593544383844,0.9876596415837606,0.006277455657968918,0.986673246383667,0.00010404804960126058,,0.002241697762037317,0.9870830268859864,0.017525081293781598,0.9590130953788757,0.040210462482770284,0.9677545755704244,conv1d,barrage,-6.0,4
240000,5330,0.022208333333333333,26.107515645164874,0.0,0.6774240591979118,2.6443837646484374,4.58338170190558,0.02045475247899691,0.009928121418257555,0.9850672812461853,0.008559461581955353,0.9615455513000488,0.007559711696952582,0.9552752475738525,0.00010513474001005913,,0.0025343476810803017,0.9574280454317728,0.020166957684357962,0.9087491323153178,0.05166390564640363,0.9351936608950298,conv1d,barrage,-2.0,4
240000,19087,0.07952916666666666,28.31309582737307,0.0,0.6431267484532871,2.1273827362060547,4.569704046437473,0.024341394261519114,0.01626637859195471,0.9701658244132996,0.013585936112701893,0.900147886912028,0.01169871030598879,0.8767831722895304,0.00010870208796889831,,0.0038927689734846354,0.883212675889333,0.026800868252913158,0.8193903511365255,0.08183334328333537,0.8853336639404297,conv1d,barrage,2.0,4
240000,54625,0.22760416666666666,34.733882799517936,0.0,0.5366885591835339,1.2408913029988606,4.52484170319028,0.03389355346361796,0.03269212482571602,0.9533086643218994,0.027570867422223092,0.8108742341200511,0.024511764545241992,0.7682614827156067,0.00012147194131587943,,0.00974408635944128,0.7754115889867147,0.043461039608716966,0.697482439438502,0.16263740792274475,0.8294113119443257,conv1d,barrage,6.0,4
240000,91620,0.38175,51.126648262308954,0.0,0.29119679462227155,0.6217667922973633,4.381811354171616,0.05888613724708557,0.07512770844697952,0.9393415961265564,0.06589158418575923,0.7298392878373464,0.06220095791021983,0.6787978594303131,0.00017358542238362132,,0.03672255209883054,0.6801140526930491,0.08530401567618053,0.5741246002515157,0.379800891383489,0.7827224740982056,conv1d,barrage,10.0,4
240000,1780,0.007416666666666667,23.608807170567452,0.0,0.7140817117987207,2.819606964111328,4.589423405173404,0.018173766765991847,0.006500744215399027,0.9981470769246419,0.0060070036416252455,0.9957169240315755,0.005919789396474758,0.9946897514661153,0.0001036046809478042,,0.002245088188474377,0.9950030318895976,0.01634992850969235,0.9850629796981811,0.03538620900213718,0.9849791558583577,conv1d,partial_band,-10.0,0
240000,5815,0.024229166666666666,24.635005749307037,0.0,0.6995614634410712,2.6824717931111652,4.588318266765017,0.01885832692583402,0.007448850892484188,0.9932524978319804,0.0065979296204944455,0.9831206219991048,0.006474305641402801,0.9767381413777669,0.00010389439332842206,,0.002417031487201651,0.978448468208313,0.017217241146167118,0.9646804272333781,0.03970543347994487,0.963629096031189,conv1d,partial_band,-6.0,0
240000,36826,0.15344166666666667,26.55372577907482,0.0,0.6722275355241262,1.9226178848266602,4.584106202309966,0.02058518725236257,0.009889961937566598,0.9792906424204508,0.008312750434378784,0.9393899014790853,0.008540007813771566,0.8967797258694966,0.00010496136215903486,,0.003286796653394898,0.9033896352450053,0.019394897623856863,0.9218176612854004,0.051786495743195216,0.9164841181437174,conv1d,partial_band,-2.0,0
240000,101951,0.4247958333333333,29.70124714321451,0.0,0.6278749885343647,0.5308978607813517,4.567238439127081,0.025372081708908083,0.016219750117262205,0.9531317955652873,0.013336296210686365,0.8459970350265503,0.0157801126057903,0.7334181621074677,0.00010936173503287136,,0.007299889610459407,0.7401319982210796,0.024863442437847456,0.8453912064234416,0.08548096727530162,0.8424728592236836,conv1d,partial_band,2.0,0
240000,118951,0.4956291666666667,36.33234186359214,0.0,0.5356377423503541,0.05459358562628428,4.503272042092941,0.03938999551932017,0.03264398756424586,0.9224038510322571,0.0276925643324852,0.7380684111118316,0.03846968392332395,0.6121049275398255,0.0001290065955448275,,0.025801490407188734,0.6092752420902252,0.038597458815574644,0.7369660445849101,0.17811061019897462,0.7639384039243062,conv1d,partial_band,6.0,0
240000,119874,0.499475,50.153912646323256,0.0,0.35190811737923594,-0.014078259058793386,4.281417890589625,0.08078935368061066,0.07505035934050878,0.8978521672884623,0.06724300312201183,0.6580484147071839,0.1029795902967453,0.5587661098639171,0.0002315717924075822,,0.11516680778265,0.5459477256139119,0.07309202997684479,0.6174633762041728,0.43284425689379374,0.7013213931719462,conv1d,partial_band,10.0,0
240000,2434,0.010141666666666667,24.191270540631567,0.0,0.7065056777149863,2.793785675048828,4.587317739751389,0.018712848846117656,0.0064801783512036006,0.9984238462448121,0.006193443528811137,0.9950001632372538,0.005993312168866396,0.9927859554290771,0.00010411859481440236,,0.002282934366663297,0.9922311002413432,0.016602348719040552,0.9806840205192566,0.03679463097949823,0.9819424379666646,conv1d,partial_band,-10.0,1
240000,10885,0.04535416666666667,26.23598454248037,0.0,0.6790994166598417,2.533714391072591,4.582653966567861,0.020373245819409688,0.007391310544312,0.9948405055999756,0.0070623311944305895,0.9814092022577922,0.006728330473601818,0.9670887664159139,0.00010531785987938443,,0.0025862258634219565,0.9626363395055135,0.017854663609464964,0.9545892558097839,0.04326036814053853,0.9573544252713522,conv1d,partial_band,-6.0,1
240000,67153,0.2798041666666667,29.499655327630993,0.0,0.6362217804048159,1.314049959564209,4.56727327430783,0.025132923865318298,0.009719865185022354,0.9852246955235799,0.009466016756991545,0.9390735106468201,0.009423652092615763,0.8652077643076579,0.00010950476149640356,,0.004129559074838956,0.8403305955727896,0.02100137379268805,0.9008186877568563,0.06119146403670311,0.9043770248095194,conv1d,partial_band,-2.0,1
240000,116574,0.485725,32.97566312264633,0.0,0.5869686697695038,0.16726026872396468,4.512171953943353,0.03795106769402822,0.01571396566728751,0.9676137024561564,0.01623421216905117,0.8567245021661123,0.018873247474431993,0.693542929093043,0.00012673979180399328,,0.012319542588293552,0.6489326747258505,0.02890719674229622,0.8090273580551147,0.11208762976328532,0.823119892279307,conv1d,partial_band,2.0,1
240000,119973,0.4998875,44.66084188471041,0.0,0.44504962728796654,0.016498815965652464,4.320412374025112,0.07258963702519734,0.03119204825659593,0.9468534474372864,0.03509430284897486,0.7646052545706431,0.049024984596172966,0.5814676681359608,0.00020840126162705323,,0.0607563492000103,0.5453796385924021,0.04876833221912384,0.6884326656659444,0.2581223690986633,0.7396503599484762,conv1d,partial_band,6.0,1
240000,120000,0.5,131.61100727994148,0.0,0.19191838359140717,0.006979477898279826,3.744734265122944,0.1658471609433492,0.07105969665845235,0.9299842615127564,0.08624101615349451,0.6955549853642782,0.13668219583034516,0.5330801605383555,0.0006214752426370978,,0.36185889293352763,0.5062358336448669,0.09866138072808583,0.5684002224604289,0.6939707887649537,0.6689135756492615,conv1d,partial_band,10.0,1
240000,3690,0.015375,24.90175985404065,0.0,0.6976215750997368,2.7476848266601563,4.58763154169134,0.018436938359340033,0.006507980907211701,0.9973545748392741,0.006322867376357317,0.9919358164469401,0.006104680147767067,0.9870909918149312,0.00010401877481878425,,0.0023232934407889845,0.9870585198402405,0.016614556491871674,0.9807311822573344,0.03730055492222309,0.9792907861073812,conv1d,partial_band,-10.0,2
240000,24189,0.1007875,28.36262633063523,0.0,0.6548115140666477,2.2156091517130534,4.583697291458823,0.019585541979471842,0.007460420505454143,0.9910348359743754,0.0074442450294892,0.9690941532452901,0.007174648984521627,0.9365724821090698,0.00010498047956886391,,0.002814037262524168,0.9336968024571737,0.017881584099928537,0.9548305738766988,0.04450229157805443,0.9485494867960612,conv1d,partial_band,-6.0,2
240000,98256,0.4094,34.90396026565266,0.0,0.5852437879630862,0.6219698315302531,4.5716144433823,0.02277593163251877,0.00989059949417909,0.9748126440048218,0.01064170174151659,0.9057851373354594,0.01119340469390154,0.7742974202632904,0.00010802036285555611,,0.00515960568288962,0.7587266951402029,0.021063061247269314,0.9018530708948771,0.06432371663848559,0.8808192610740662,conv1d,partial_band,-2.0,2
240000,119693,0.49872083333333334,43.31888515225308,0.0,0.5126591999271735,0.017733532341321308,4.533267594123984,0.030563483270009358,0.0161318002914389,0.9470084676742554,0.019855882709225017,0.808560359954834,0.025545849322279296,0.6078388535181681,0.00011837784306456645,,0.01615290269255638,0.5900315039952596,0.029052744561433794,0.8122057232856751,0.12043870995044709,0.7769907324314117,conv1d,partial_band,2.0,2
240000,120000,0.5,57.39961657299122,0.0,0.4087011731871217,-0.010482144769032796,4.418418614260104,0.048694278399149575,0.03220773968895276,0.9161538221041361,0.045834514184792834,0.724352223555247,0.07218269966840744,0.5413452676932017,0.00015497790050382417,,0.0675471316854159,0.5280335917472839,0.049119027558962504,0.6949158059755961,0.28009602115948995,0.6754659883181254,conv1d,partial_band,6.0,2
240000,120000,0.5,108.4430881743069,0.0,0.2434549279369529,-0.009715493301550547,4.102600414096628,0.09373407739003499,0.07352677873373031,0.8923233957290649,0.1164455646276474,0.671608864625295,0.20951661684513093,0.5190785918235779,0.0002982606813311577,,0.3061785767873128,0.5024824746847153,0.09951866390307744,0.5772194319566091,0.7343478019078573,0.6066762851079305,conv1d,partial_band,10.0,2
240000,2606,0.010858333333333333,24.494003275093075,0.0,0.7027629430867256,2.7883106180826824,4.588006474667815,0.01857171624104182,0.00649778569812576,0.9977461244265239,0.006240272514522076,0.9946315447489421,0.006007626464217901,0.99197674036026,0.00010395244339403386,,0.0022752319148431222,0.9918622539838156,0.01661192668179671,0.9805709854761759,0.03673822233577569,0.9814860747655233,conv1d,partial_band,-10.0,3
240000,12784,0.053266666666666664,27.33504946199916,0.0,0.6667116714295744,2.486210720316569,4.584581076015352,0.01994717197815577,0.007437886323283116,0.9921028210322063,0.007200636750211318,0.9799196101824442,0.0068324353247880935,0.9623324856758118,0.0001048423225642182,,0.002585490828876694,0.9601420420010884,0.017876866482694945,0.9543789637883504,0.043506524417797725,0.9548746019999186,conv1d,partial_band,-6.0,3
240000,74329,0.30970416666666667,33.20464339751712,0.0,0.6004132037157766,1.1555771260579426,4.573258834036524,0.023960522202650707,0.009850214607020218,0.9767244038581848,0.009896231845021248,0.9354427267710368,0.009951100333531698,0.8482001492182414,0.00010793639946884165,,0.004145114586999019,0.8328963800271352,0.02105420328080654,0.9005623820622762,0.0630298246661822,0.8968859604199727,conv1d,partial_band,-2.0,3
240000,117882,0.491175,41.68673277374967,0.0,0.5186373880837305,0.10815192389885585,4.532889040885191,0.035083129700024925,0.016089400528371333,0.9489773842493693,0.017575448247790337,0.8533905193010966,0.02105936336815357,0.6749986876646678,0.00012054704160739979,,0.011832760039468607,0.6490308614571889,0.029035236558318137,0.8091924920082092,0.11949160163402557,0.8104409643014272,conv1d,partial_band,2.0,3
240000,119985,0.4999375,52.29870412726507,0.0,0.4200592891033045,0.005227687819798788,4.390473835245275,0.06550111292203267,0.03226061244904995,0.9170659290949503,0.03911510228514671,0.7657394131024678,0.056806350529193875,0.576473148504893,0.00018135569465036193,,0.05245379318992297,0.5562100652058919,0.04908256525595983,0.6897115960915884,0.28030466272036236,0.727684629201889,conv1d,partial_band,6.0,3
240000,120000,0.5,81.77815420850901,0.0,0.2518739819682901,-0.0011701595981915792,3.9262482126071743,0.15100505078633628,0.07399961020151774,0.8918731514612833,0.09764590630928675,0.7014940962791443,0.1611516420761744,0.5395383408864339,0.0005203973164005826,,0.2882633161067963,0.5186885403792063,0.09943898583650589,0.57080402469635,0.7440476464589437,0.6649161406358083,conv1d,partial_band,10.0,3
240000,1471,0.0061291666666666664,23.4900686572753,0.0,0.7157534165215376,2.830894934082031,4.58975260901696,0.01804023373325666,0.006512885756542285,0.9980904569625855,0.005951723966250817,0.9961678096453349,0.005780048492054144,0.9959553518295288,0.00010351752452552319,,0.0021831512146939834,0.9961822996139527,0.016359125451246896,0.984934930006663,0.0346989728440841,0.9868421200116475,conv1d,partial_band,-10.0,4
240000,3501,0.0145875,24.361818494722538,0.0,0.7032375837729575,2.751997760518392,4.589115493622115,0.018519703376293183,0.0074767514131963255,0.9931491525967916,0.006454505613942941,0.9853022987047831,0.00607338587368528,0.9834979921976725,0.00010368001059784244,,0.0022277084379146495,0.9844338930447897,0.017238868966698646,0.9642998404502868,0.037896696135401725,0.9688558185895284,conv1d,partial_band,-6.0,4
240000,22036,0.09181666666666667,26.112564916095767,0.0,0.6779851810981079,2.2631109992980956,4.585959666346717,0.01980000179608663,0.00995220079421997,0.9793950511614482,0.007928795048842828,0.9465402652422588,0.0073191970974206925,0.9276579197247823,0.00010444917717638115,,0.0026628774697581925,0.9304183615048727,0.019446888596812883,0.9208082002003988,0.04697550370693207,0.9292471494674682,conv1d,partial_band,-2.0,4
240000,85870,0.3577916666666667,29.24003888813058,0.0,0.6343428151380729,0.8934177148183187,4.571507535707575,0.023790354553858438,0.016357941911617914,0.954252559185028,0.0122884739001592,0.8572470911343892,0.012010311915477117,0.7883377900918325,0.00010809503373069067,,0.005019243112206459,0.7849883410930634,0.0249903360803922,0.8432328475316365,0.07282805373271306,0.8635709937413534,conv1d,partial_band,2.0,4
240000,117192,0.4883,35.412603551771454,0.0,0.5449464472531679,0.13708110748132069,4.5128326447294365,0.03646041187047958,0.03296082789897919,0.9252925686836243,0.024844432645042738,0.7455927166938782,0.02734238115151723,0.6563550978501638,0.0001253809760014216,,0.0170415816317002,0.6361392981211345,0.03891033429702123,0.7333417960802714,0.14463992640972137,0.7885390848318736,conv1d,partial_band,6.0,4
240000,119849,0.4993708333333333,48.670062704105455,0.0,0.35696123506720595,0.003363522160053253,4.302405819419944,0.07392957429091136,0.07580606079498926,0.9024576584498087,0.05963341185450554,0.6589178418318431,0.07223282101949056,0.5863580249945323,0.00021548913130536675,,0.08274281297127406,0.5522785332202912,0.07386863759756088,0.6129402528603871,0.3438161412556966,0.7245183378060659,conv1d,partial_band,10.0,4
