n_sym,n_err,ber,mse_tau,mse_fd,corr_tau,margin_mean,attn_entropy,attn_maxw,conv1_energy,conv1_cos,conv2_energy,conv2_cos,pool_projection_energy,pool_projection_cos,attn_weights_energy,attn_weights_cos,attn_pool_energy,attn_pool_cos,sensing_delay_profile_energy,sensing_delay_profile_cos,sensing_features_energy,sensing_features_cos,arch,jammer,jsr_db,ber_std,ber_sem,ber_ci_lo,ber_ci_hi,ber_q05,ber_q95,margin_mean_std,realization,n_realizations
240000.0,1148.0,0.004783333333333333,22.94466046508771,0.0,0.7235813106090175,2.851615923055013,4.589921957965925,0.0177077117562294,0.005885306960344314,1.0,0.005663151537378629,1.0,0.005688541636119286,1.0,0.00010346618147256473,,0.002221797470624248,1.0,0.015775209554036457,1.0,0.032754012394944826,1.0,conv1d,clean,,,,,,,,,,
240000.0,3184.0,0.013266666666666668,24.000820507665168,0.0,0.7091296677514846,2.769938239847819,4.588812768337883,0.0181774209578832,0.006508359190871319,0.9975625176111856,0.006104064491937558,0.9926541377385458,0.005982842271327972,0.9893655880610147,0.00010374414139116804,,0.00228928362985452,0.989758569876353,0.016490085528691613,0.9830139992396036,0.035724850745797156,0.982963842233022,conv1d,cw,-10.0,0.004433143792940726,0.002216571896470363,0.008922265580441114,0.017611067752892222,0.006604166666666667,0.017245833333333332,0.03945303442039028,2.0,5.0
240000.0,20840.4,0.08683500000000002,25.765956853983027,0.0,0.6853703824200015,2.3159695422871907,4.586809068057769,0.01879610579848289,0.007459153431157271,0.9908214292526244,0.006850698784391085,0.968703086121877,0.006699620484163363,0.9416943476676941,0.0001042398924388302,,0.0026613357862333457,0.9435798981984457,0.017565667146046956,0.9612500581741333,0.03972007787108421,0.9590569576899212,conv1d,cw,-6.0,0.04474895813498529,0.022374479067492646,0.042981826854869114,0.13068817314513093,0.019459166666666666,0.1259816666666667,0.27584810197094956,2.0,5.0
240000.0,83252.0,0.3468833333333333,28.82743130711136,0.0,0.6456979548127221,0.926256179450353,4.580445055994557,0.020152688258886338,0.00988887633651495,0.9714864203453064,0.009031460935920476,0.8926429903984069,0.009553488691796858,0.7714885540008545,0.00010578891488257794,,0.004585600444401304,0.7732993687788645,0.020264347001512844,0.9192656173070273,0.049162348590691886,0.9003675924301147,conv1d,cw,-2.0,0.17096299388399167,0.08548149694199583,0.17934267798245077,0.5144239886842159,0.08389250000000001,0.4533391666666667,0.9334324160935675,2.0,5.0
240000.0,96818.6,0.40341083333333333,32.65919809880734,0.0,0.5998519179931185,0.5149276977539063,4.561283189014263,0.022867326285044353,0.016157453289429347,0.937065163008372,0.015570293388068677,0.7713107580820721,0.02047877507969737,0.6260352343559266,0.00011039570773020387,,0.013615511184036732,0.626118376048406,0.027038275869091355,0.8514226347923278,0.07313062667091688,0.7844974188486734,conv1d,cw,2.0,0.19224314251604513,0.09612157125802256,0.21501601553020874,0.5918056511364579,0.11493833333333334,0.4998091666666667,1.0352929740360304,2.0,5.0
240000.0,98979.4,0.41241416666666664,39.04870912498349,0.0,0.5268484615265028,0.39370370197931925,4.516496482580656,0.027548278797864912,0.032407282759745915,0.9010794231414796,0.034652918575406075,0.6701400649865468,0.05717325240542491,0.5653064396222433,0.00012115116046431166,,0.04948523959433039,0.57137566614151,0.044045932086706166,0.7608776246229808,0.13726154626210532,0.6704328087011973,conv1d,cw,6.0,0.1751695833407666,0.0875847916703833,0.24075112939927168,0.5840772039340616,0.14965916666666668,0.5,0.8106635424569903,2.0,5.0
240000.0,104132.0,0.43388333333333334,56.427820634395076,0.0,0.37674626772874176,0.2738765425109863,4.427365111216302,0.03476078513026237,0.07440585264444351,0.8763621309916179,0.08748993642250696,0.6104927691141764,0.16367977565248806,0.5236642268498739,0.00014304671157384292,,0.16822927990277609,0.5322853371540706,0.0867550554084778,0.6601146591186524,0.3016285932350159,0.6037735545635223,conv1d,cw,10.0,0.13223333333333334,0.06611666666666667,0.30429704788882683,0.5634696187778399,0.23553333333333332,0.5,0.5699828304785113,2.0,5.0
240000.0,1508.6,0.0062858333333333325,23.744237000537872,0.0,0.7122030208841361,2.829598673502604,4.5890818784987575,0.01818309155066808,0.006512702790548405,0.9977438196818035,0.006078759066164494,0.9959696496327718,0.005885380999197563,0.9957352140744528,0.00010368059842226405,,0.0022031451073040564,0.995825015036265,0.01647269792427619,0.9828874971389772,0.035734735685586924,0.9848473929723104,conv1d,barrage,-10.0,5.637178175095921e-05,2.8185890875479603e-05,0.006230590002345216,0.006341076664321449,0.006200833333333333,0.006338333333333333,0.0003433130778711147,2.0,5.0
240000.0,2262.6,0.0094275,24.657645902260974,0.0,0.6989945650072059,2.7882347212727865,4.587659567543964,0.018842560953696567,0.007472634083827337,0.9938861225128175,0.006746299792826175,0.9875445916493734,0.006277930255283911,0.9865480658213299,0.00010404236856382341,,0.0022417392964412764,0.9869019647916157,0.017524595801830294,0.9592939609527589,0.04018779037833213,0.9676763470013936,conv1d,barrage,-6.0,0.00013830823065409635,6.915411532704817e-05,0.009291960424576256,0.009563039575423744,0.009245,0.009599166666666667,0.0004038579326817834,2.0,5.0
240000.0,5404.6,0.022519166666666666,26.105878501197008,0.0,0.6774794794856339,2.6435951862080893,4.583411951489517,0.02043397222359975,0.00992836782524983,0.9848843257268269,0.0085587227850159,0.9612047773996988,0.007559836207379897,0.95466597849528,0.00010512415280798449,,0.002534186252132058,0.956860203075409,0.020165308293104173,0.9091228261947633,0.051625728519360224,0.9350093368848164,conv1d,barrage,-2.0,0.00020261485083225716,0.00010130742541612856,0.022320607761484576,0.022717725571848757,0.022241666666666667,0.022751666666666667,0.0006474350853302157,2.0,5.0
240000.0,19193.8,0.07997416666666667,28.34096996654879,0.0,0.6427513227368498,2.1274957149759928,4.569767678404885,0.024308011423746743,0.016266751707096894,0.969836510880788,0.013584203395644822,0.8993223131815592,0.011697550640702247,0.8755890300750732,0.0001086778821462455,,0.003890880390803019,0.882229440498352,0.026796044067144392,0.819528557364146,0.08176739846388499,0.8850514179865521,conv1d,barrage,2.0,0.0003795227265922272,0.00018976136329611358,0.07960224122894906,0.08034609210438427,0.07954583333333333,0.08048833333333333,0.0008717623543749471,2.0,5.0
240000.0,54695.2,0.2278966666666667,34.727136697791494,0.0,0.5369804737774608,1.2421808299764,4.524984643992001,0.033842057328224186,0.03269271709402402,0.9528922444661457,0.027566634668509164,0.8096259721755983,0.02450601554175218,0.7661363158067068,0.00012140668187678482,,0.009732707697451114,0.7736798155148825,0.04344784204244613,0.6968514187177022,0.16251194849650066,0.8290569608370463,conv1d,barrage,6.0,0.0007474512247185975,0.00037372561235929873,0.22716417792634228,0.2286291554069911,0.22693083333333333,0.22877083333333334,0.0013470282391019777,2.0,5.0
240000.0,91585.0,0.38160416666666663,51.01949929587323,0.0,0.29344910183954354,0.6233674650573731,4.382199253491956,0.058776244344711306,0.07512872866868972,0.9389278306643168,0.06588168221791586,0.7285889472325644,0.062181825623909635,0.6765162515481313,0.00017330363370322935,,0.03664154621521633,0.6790842341740927,0.08526915364662806,0.5725136776447297,0.3795214537366231,0.7826580710252126,conv1d,barrage,10.0,0.0001717354231239305,8.586771156196524e-05,0.38143586904457033,0.38177246428876294,0.38137916666666666,0.38181333333333334,0.0015001055181034382,2.0,5.0
240000.0,2396.2,0.009984166666666665,24.13718189952161,0.0,0.7073450648443413,2.7960566035970054,4.588426354060182,0.018387100789149603,0.006499914985696476,0.9979524158795675,0.0061430622055133185,0.9946904516220092,0.0059610913338760535,0.9924997581799826,0.00010384240370010958,,0.002261939825092753,0.9924674411137898,0.016507577170729638,0.9823968195915223,0.03618371801674366,0.982908114941915,conv1d,partial_band,-10.0,0.003203221468737024,0.0016016107343685118,0.006845067310051635,0.013123266023281696,0.006386666666666666,0.014471666666666666,0.028890534655577914,2.0,5.0
240000.0,11434.8,0.047645,26.186096915828863,0.0,0.6806843298740185,2.5340007633463544,4.585673218885835,0.0194567980158329,0.0074430439357459546,0.992875962607066,0.0069519296417137,0.9797691772778829,0.006656621259599924,0.9652459735552469,0.0001045430131877462,,0.0025260987759878235,0.9638715090433756,0.017613844860990845,0.9585558122316996,0.04177426275034746,0.9586526857376099,conv1d,partial_band,-6.0,0.030006918924363652,0.015003459462181824,0.018238759810616942,0.07705124018938306,0.016515833333333334,0.09128333333333333,0.18613088192761967,2.0,5.0
240000.0,59720.0,0.24883333333333332,30.05490993719427,0.0,0.6344182977411824,1.4554651602554318,4.576442484076668,0.022450913349787393,0.009860568403601645,0.979089487393697,0.009249099165350199,0.933246308294932,0.009285472406248252,0.8624285958766938,0.00010697441263124347,,0.003876790693576137,0.8531523334980011,0.020392084908286732,0.9091720004399617,0.05746140095829964,0.9055627027829487,conv1d,partial_band,-2.0,0.11331364347955242,0.0566568217397762,0.137788003244866,0.35987866342180064,0.10414166666666667,0.3894608333333333,0.5788210473791217,2.0,5.0
240000.0,108394.0,0.4516416666666666,35.38451341599883,0.0,0.5760966122905691,0.34349226011276246,4.543414912757437,0.030552023385365806,0.016102571703195574,0.9541967818260193,0.015858062647382418,0.8443839015165965,0.018653776937226457,0.6996272844950358,0.00011662428904790432,,0.01052486760859688,0.6826230758984884,0.02736979127605756,0.8238099254608156,0.10206539247115454,0.8233190883954367,conv1d,partial_band,2.0,0.053795031846713214,0.026897515923356603,0.3989235041832951,0.5043598291500382,0.3711925,0.49721166666666666,0.3256072487683501,2.0,5.0
240000.0,119220.2,0.4967508333333333,45.22082160006606,0.0,0.4708788558363829,0.04058381042480469,4.429081902070573,0.052527087147235876,0.03225304317156474,0.9255539236704509,0.03451618325928847,0.7476716038068135,0.04876521997372309,0.593549221944809,0.0001598244856654977,,0.04472006922284762,0.5750075671513876,0.04489554362932841,0.7086735816796621,0.22825471791744234,0.7390556932449341,conv1d,partial_band,6.0,0.004543684108493645,0.0022718420542468224,0.49229810472844604,0.5012035619382206,0.48976583333333334,0.4999875,0.05281264296364291,2.0,5.0
240000.0,119944.6,0.49976916666666665,84.13124500263723,0.0,0.2792233291886184,-0.002924182380040487,4.071481320367264,0.11306104341824849,0.0738885011458397,0.9028981268882751,0.0854417804133892,0.677124840561549,0.1365125732135773,0.5473642456213633,0.0003774388328163574,,0.23084208131631218,0.5251266215085983,0.08891593960841497,0.5893654616355896,0.5898053270562491,0.6732691464742024,conv1d,partial_band,10.0,0.0002846245089782555,0.00014231225448912776,0.49949023977330925,0.500048093560024,0.4993916666666667,0.5,0.007889608885100213,2.0,5.0
