snr_db,ber,mse_tau,mse_fd,n_errors,n_symbols
-5.0,0.1083984375,12.456909934020153,0.0,111,1024
-3.0,0.03984375,10.065732390928746,0.0,102,2560
-1.0,0.013843201754385965,8.852090107237203,0.0,101,7296
1.0,0.004489942528735632,11.501744412908327,0.0,100,22272
3.0,0.0029818702290076338,20.625417592772763,0.0,100,33536
5.0,0.002739800347222222,21.679698878704546,0.0,101,36864
7.0,0.002025,22.96239460566518,0.0,81,40000
9.0,0.002175,22.664731402113148,0.0,87,40000
11.0,0.001875,22.26996910958663,0.0,75,40000
13.0,0.0017,22.53813005896617,0.0,68,40000
15.0,0.0018,22.23852926672333,0.0,72,40000
17.0,0.00165,22.67082025449017,0.0,66,40000
19.0,0.0018,22.044187013072545,0.0,72,40000
21.0,0.001975,21.683385633383722,0.0,79,40000
