scenario,arch,pooled_ber,min_snr_1e-4_db,best_ber
k1_doppler_full,conv1d,0.0004875740740740667,,0.000244
k1_doppler_full,lstm,0.0005339814814814556,,0.0003225
k1_doppler_full,mc_dlsk,0.0005425925925925666,,0.0003566666666666
k1_doppler_full,qkv,0.0003334444444444333,,0.0001866666666666
k3_doppler_full,conv1d,0.0024977777777777776,,0.00186
k3_doppler_full,lstm,0.0024533333333333334,,0.00196
k3_doppler_full,mc_dlsk,0.00295,,0.00232
k3_doppler_full,qkv,0.0013366666666666666,,0.00066
k3_doppler_limited,conv1d,0.0025422222222222218,,0.00183
k3_doppler_limited,lstm,0.002447777777777778,,0.00193
k3_doppler_limited,mc_dlsk,0.003108888888888889,,0.0025
k3_doppler_limited,qkv,0.0011377777777777777,,0.00052
