jsr_db,realization,ber,mse_tau,mse_fd
-10.0,0,0.03382826379889611,22.086287955687677,0.0
-8.0,0,0.07290300313782734,16.76031241117338,0.0
-6.0,0,0.18494233630952378,10.550474087253036,0.0
-4.0,0,0.3903459821428571,12.827283403738134,0.0
-2.0,0,0.49190848214285715,16.007972136962767,0.0
0.0,0,0.5083705357142857,20.591594653941627,0.0
2.0,0,0.5100446428571429,26.478908764564522,0.0
4.0,0,0.5103236607142857,33.579606309063884,0.0
6.0,0,0.5103236607142857,41.82829088493058,0.0
8.0,0,0.5103236607142857,50.60551249819132,0.0
10.0,0,0.5103236607142857,60.789618324270684,0.0
-10.0,1,0.0255831063373055,21.96375949377964,0.0
-8.0,1,0.04806478475702839,21.07521578504477,0.0
-6.0,1,0.10687422696351266,9.367683189441497,0.0
-4.0,1,0.28311011904761907,10.712658698378421,0.0
-2.0,1,0.4548921130952381,12.488037935324465,0.0
0.0,1,0.50390625,15.849796916099598,0.0
2.0,1,0.5103236607142857,20.80396791649235,0.0
4.0,1,0.5103236607142857,26.889250331520483,0.0
6.0,1,0.5103236607142857,33.17352008896135,0.0
8.0,1,0.5103236607142857,39.417042311789196,0.0
10.0,1,0.5103236607142857,45.906648162612115,0.0
-10.0,2,0.015100395728159835,22.61828514282833,0.0
-8.0,2,0.015490530999266353,22.927930120730707,0.0
-6.0,2,0.01573590805589965,23.391473700411588,0.0
-4.0,2,0.01746081424650163,23.935745434758697,0.0
-2.0,2,0.019702789783642812,24.699811995580806,0.0
0.0,2,0.024408281417840075,25.478795782615006,0.0
2.0,2,0.034601266929581535,26.760724656549904,0.0
4.0,2,0.05377995772180877,27.950848410632975,0.0
6.0,2,0.09005735865955693,27.176211791108454,0.0
8.0,2,0.14708257237554115,27.922626563538042,0.0
10.0,2,0.21290922619047614,39.736276553516255,0.0
-10.0,3,0.03157951779169827,22.967269511752445,0.0
-8.0,3,0.07229274786473447,16.02302303723433,0.0
-6.0,3,0.19455915178571428,14.039522192994834,0.0
-4.0,3,0.3852306547619047,17.06833892018698,0.0
-2.0,3,0.4685639880952381,19.778654353867786,0.0
0.0,3,0.48856026785714285,22.60861050112533,0.0
2.0,3,0.48939732142857145,25.475209956696403,0.0
4.0,3,0.4896763392857143,29.289678918699046,0.0
6.0,3,0.4896763392857143,36.63974868394456,0.0
8.0,3,0.4896763392857143,53.537202812736666,0.0
10.0,3,0.4896763392857143,93.7112448191144,0.0
-10.0,4,0.027778586903036816,22.58754699179506,0.0
-8.0,4,0.059841707379223626,19.13836162499403,0.0
-6.0,4,0.17257254464285715,13.199536797262535,0.0
-4.0,4,0.3518415178571429,15.3487083054751,0.0
-2.0,4,0.45814732142857145,17.34320911779483,0.0
0.0,4,0.48521205357142855,18.34992693182571,0.0
2.0,4,0.48828125,18.859456281380684,0.0
4.0,4,0.48939732142857145,19.894400682251334,0.0
6.0,4,0.4896763392857143,23.94433869868905,0.0
8.0,4,0.4896763392857143,34.54005630514991,0.0
10.0,4,0.4896763392857143,56.63852131342259,0.0
