channel_variant,arch,snr_db,ber,n_errors,n_symbols,ber_ci_lo,ber_ci_hi,mse_tau,corr_tau,mse_fd,corr_fd
b_tdl_d_light,conv1d,-5.0,0.38223,38223,100000,0.37922279393372954,0.3852462538908084,60.53959667838532,0.004690823213548955,0.0,0.0
b_tdl_d_light,conv1d,-3.0,0.36703,36703,100000,0.3640477810285896,0.37002243455457084,59.88159233260756,0.0009073834864416501,0.0,0.0
b_tdl_d_light,conv1d,-1.0,0.35037,35037,100000,0.3474188448563979,0.3533326506516738,60.06580379981935,0.007481077397839726,0.0,0.0
b_tdl_d_light,conv1d,1.0,0.3378,33780,100000,0.3348748977132147,0.34073756350050727,61.37082129909736,0.0023701715715847334,0.0,0.0
b_tdl_d_light,conv1d,3.0,0.32862,32862,100000,0.32571538315253606,0.33153778332593303,60.99036180019086,0.0089276136076198,0.0,0.0
b_tdl_d_light,conv1d,5.0,0.31652,31652,100000,0.3136443142958899,0.31940978177990365,62.31017575992571,0.0077816673280106715,0.0,0.0
b_tdl_d_light,conv1d,7.0,0.31118,31118,100000,0.30831779531561926,0.3140567110122167,62.337682819980905,0.00031782559346237065,0.0,0.0
b_tdl_d_light,conv1d,9.0,0.30282,30282,100000,0.2999797970016505,0.3056753515934278,63.873284228725446,-0.000690391334541044,0.0,0.0
b_tdl_d_light,conv1d,11.0,0.29864,29864,100000,0.29581121486822304,0.3014842548604765,63.41574698314987,0.006936210408549994,0.0,0.0
b_tdl_d_light,conv1d,13.0,0.29502,29502,100000,0.2922013311445831,0.2978544166950516,65.07341372163394,0.002948377197993133,0.0,0.0
b_tdl_d_light,conv1d,15.0,0.29353,29353,100000,0.2907155570832601,0.2963603052274501,66.20580699516358,0.0029480718370275133,0.0,0.0
b_tdl_d_light,conv1d,17.0,0.29473,29473,100000,0.2919121507954429,0.297563619323797,67.08843052990991,0.002791846243990175,0.0,0.0
b_tdl_d_light,conv1d,19.0,0.29179,29179,100000,0.2889805381901374,0.29461545779820447,68.68893813457846,0.004268830982246926,0.0,0.0
b_tdl_d_light,conv1d,21.0,0.29043,29043,100000,0.2876244662239839,0.2932516342480243,69.20358140227722,0.006004098371479142,0.0,0.0
