arch,modality,jammer_knowledge,jammer_model,in_channel,jsr_db,ber,ber_std,ber_sem,ber_ci_lo,ber_ci_hi,ber_min,ber_max,ber_q05,ber_q50,ber_q95,jammed_fraction,ber_clean,hop_rate_hz,dwell_bursts,slot_duration_us,num_channels,n_realizations
mc_dlsk,fh_off,omniscient,barrage,cw,-10.0,0.28151000000000004,0.020135460014611046,0.00900485147017984,0.263860815432315,0.2991591845676851,0.2546,0.30345,0.25732,0.28465,0.30209,1.0,0.2874,100000.0,1,10.0,8,5
mc_dlsk,fh_off,omniscient,barrage,cw,-6.0,0.31642,0.05363279780134541,0.023985316341461917,0.26940964381293464,0.3634303561870653,0.2453,0.3835,0.25284,0.3271,0.37544,1.0,0.2874,100000.0,1,10.0,8,5
mc_dlsk,fh_off,omniscient,barrage,cw,-2.0,0.42464,0.11249627438275456,0.05030986334706147,0.3260344797726278,0.5232455202273723,0.2253,0.4965,0.27097,0.4699,0.49277,1.0,0.2874,100000.0,1,10.0,8,5
mc_dlsk,fh_off,omniscient,barrage,cw,2.0,0.46854000000000007,0.06312133553720169,0.028228719418351235,0.4132127266103452,0.5238672733896549,0.35595,0.503,0.38301,0.49295,0.50231,1.0,0.2874,100000.0,1,10.0,8,5
mc_dlsk,fh_off,omniscient,barrage,cw,6.0,0.49909,0.0037857297843348556,0.001693029828443671,0.49577172251149837,0.5024082774885016,0.49345,0.50315,0.49428,0.4996,0.50285,1.0,0.2874,100000.0,1,10.0,8,5
mc_dlsk,fh_off,omniscient,barrage,cw,10.0,0.5002,0.0029361965193086116,0.0013131070024944658,0.4976263575672635,0.5027736424327365,0.49585,0.50315,0.4966,0.4997,0.50306,1.0,0.2874,100000.0,1,10.0,8,5
mc_dlsk,fh_off_blind,band_agnostic,barrage,cw,-10.0,0.28151000000000004,0.020135460014611046,0.00900485147017984,0.263860815432315,0.2991591845676851,0.2546,0.30345,0.25732,0.28465,0.30209,1.0,0.2874,100000.0,1,10.0,8,5
mc_dlsk,fh_off_blind,band_agnostic,barrage,cw,-6.0,0.31642,0.05363279780134541,0.023985316341461917,0.26940964381293464,0.3634303561870653,0.2453,0.3835,0.25284,0.3271,0.37544,1.0,0.2874,100000.0,1,10.0,8,5
mc_dlsk,fh_off_blind,band_agnostic,barrage,cw,-2.0,0.42464,0.11249627438275456,0.05030986334706147,0.3260344797726278,0.5232455202273723,0.2253,0.4965,0.27097,0.4699,0.49277,1.0,0.2874,100000.0,1,10.0,8,5
mc_dlsk,fh_off_blind,band_agnostic,barrage,cw,2.0,0.46854000000000007,0.06312133553720169,0.028228719418351235,0.4132127266103452,0.5238672733896549,0.35595,0.503,0.38301,0.49295,0.50231,1.0,0.2874,100000.0,1,10.0,8,5
mc_dlsk,fh_off_blind,band_agnostic,barrage,cw,6.0,0.49909,0.0037857297843348556,0.001693029828443671,0.49577172251149837,0.5024082774885016,0.49345,0.50315,0.49428,0.4996,0.50285,1.0,0.2874,100000.0,1,10.0,8,5
mc_dlsk,fh_off_blind,band_agnostic,barrage,cw,10.0,0.5002,0.0029361965193086116,0.0013131070024944658,0.4976263575672635,0.5027736424327365,0.49585,0.50315,0.4966,0.4997,0.50306,1.0,0.2874,100000.0,1,10.0,8,5
mc_dlsk,fh_on,model,barrage,cw,-10.0,0.28308,0.014941117762737844,0.006681870995462278,0.26998377349955116,0.29617622650044884,0.26635,0.30125,0.26719,0.28295,0.29986,1.0,0.28818,100000.0,1,10.0,8,5
mc_dlsk,fh_on,model,barrage,cw,-6.0,0.31643,0.05095066976988625,0.022785832220921842,0.2717705894892209,0.3610894105107791,0.24775,0.3821,0.25618,0.32085,0.37399,1.0,0.28818,100000.0,1,10.0,8,5
mc_dlsk,fh_on,model,barrage,cw,-2.0,0.42497999999999997,0.1108370290110665,0.049567826258572194,0.3278288457412597,0.5221311542587402,0.22885,0.49705,0.27344,0.46965,0.49315,1.0,0.28818,100000.0,1,10.0,8,5
mc_dlsk,fh_on,model,barrage,cw,2.0,0.46925999999999995,0.06010875976095329,0.02688145457373911,0.4165733171834218,0.5219466828165781,0.3622,0.50335,0.38787,0.49065,0.50259,1.0,0.28818,100000.0,1,10.0,8,5
mc_dlsk,fh_on,model,barrage,cw,6.0,0.49897,0.004127438673075596,0.0018458466891917125,0.49535220696820176,0.5025877930317982,0.49245,0.50315,0.49357,0.4996,0.50284,1.0,0.28818,100000.0,1,10.0,8,5
mc_dlsk,fh_on,model,barrage,cw,10.0,0.50021,0.002934152347782915,0.0013121928211966404,0.49763814932968264,0.5027818506703174,0.49585,0.50315,0.4966,0.49975,0.50306,1.0,0.28818,100000.0,1,10.0,8,5
mc_dlsk,fh_off,omniscient,barrage,partial_band,-10.0,0.28135,0.013530752011621523,0.00605113625693555,0.2694899908708618,0.2932100091291382,0.26505,0.2951,0.26619,0.28165,0.29491999999999996,1.0,0.2874,100000.0,1,10.0,8,5
mc_dlsk,fh_off,omniscient,barrage,partial_band,-6.0,0.29399,0.029872675641796808,0.013359466680971963,0.26780592645263207,0.3201740735473679,0.25755,0.335,0.26123,0.29225,0.32984,1.0,0.2874,100000.0,1,10.0,8,5
mc_dlsk,fh_off,omniscient,barrage,partial_band,-2.0,0.39970999999999995,0.03125354779860999,0.013977011483146168,0.3723155608815307,0.4271044391184692,0.3707,0.4508,0.37245,0.39415,0.44132999999999994,1.0,0.2874,100000.0,1,10.0,8,5
mc_dlsk,fh_off,omniscient,barrage,partial_band,2.0,0.48613,0.014586106403012417,0.006523105088836141,0.4733449489585112,0.4989150510414888,0.4652,0.497,0.46742,0.49565,0.4969,1.0,0.2874,100000.0,1,10.0,8,5
mc_dlsk,fh_off,omniscient,barrage,partial_band,6.0,0.49664,0.006788906392048721,0.003036091237100755,0.4906893705215049,0.5025906294784952,0.4879,0.50395,0.48909,0.4944,0.50378,1.0,0.2874,100000.0,1,10.0,8,5
mc_dlsk,fh_off,omniscient,barrage,partial_band,10.0,0.50041,0.0031455126768143867,0.001406716033888859,0.4976528872371028,0.5031671127628972,0.49665,0.50415,0.49706,0.4994,0.50395,1.0,0.2874,100000.0,1,10.0,8,5
mc_dlsk,fh_off_blind,band_agnostic,barrage,partial_band,-10.0,0.28135,0.013530752011621523,0.00605113625693555,0.2694899908708618,0.2932100091291382,0.26505,0.2951,0.26619,0.28165,0.29491999999999996,1.0,0.2874,100000.0,1,10.0,8,5
mc_dlsk,fh_off_blind,band_agnostic,barrage,partial_band,-6.0,0.29399,0.029872675641796808,0.013359466680971963,0.26780592645263207,0.3201740735473679,0.25755,0.335,0.26123,0.29225,0.32984,1.0,0.2874,100000.0,1,10.0,8,5
mc_dlsk,fh_off_blind,band_agnostic,barrage,partial_band,-2.0,0.39970999999999995,0.03125354779860999,0.013977011483146168,0.3723155608815307,0.4271044391184692,0.3707,0.4508,0.37245,0.39415,0.44132999999999994,1.0,0.2874,100000.0,1,10.0,8,5
mc_dlsk,fh_off_blind,band_agnostic,barrage,partial_band,2.0,0.48613,0.014586106403012417,0.006523105088836141,0.4733449489585112,0.4989150510414888,0.4652,0.497,0.46742,0.49565,0.4969,1.0,0.2874,100000.0,1,10.0,8,5
mc_dlsk,fh_off_blind,band_agnostic,barrage,partial_band,6.0,0.49664,0.006788906392048721,0.003036091237100755,0.4906893705215049,0.5025906294784952,0.4879,0.50395,0.48909,0.4944,0.50378,1.0,0.2874,100000.0,1,10.0,8,5
mc_dlsk,fh_off_blind,band_agnostic,barrage,partial_band,10.0,0.50041,0.0031455126768143867,0.001406716033888859,0.4976528872371028,0.5031671127628972,0.49665,0.50415,0.49706,0.4994,0.50395,1.0,0.2874,100000.0,1,10.0,8,5
mc_dlsk,fh_on,model,barrage,partial_band,-10.0,0.28192,0.01411933957379026,0.006314360616879585,0.2695440806055179,0.29429591939448213,0.2649,0.2954,0.26564000000000004,0.28855,0.29475,1.0,0.28818,100000.0,1,10.0,8,5
mc_dlsk,fh_on,model,barrage,partial_band,-6.0,0.29247,0.03126109003217897,0.013980384472538654,0.26506894994380126,0.31987105005619876,0.2564,0.33515,0.25872,0.29765,0.32915,1.0,0.28818,100000.0,1,10.0,8,5
mc_dlsk,fh_on,model,barrage,partial_band,-2.0,0.39919000000000004,0.03203963170824535,0.014328558894738861,0.37110654061595083,0.42727345938404926,0.37405,0.4544,0.37526,0.3929,0.44242000000000004,1.0,0.28818,100000.0,1,10.0,8,5
mc_dlsk,fh_on,model,barrage,partial_band,2.0,0.48500000000000004,0.015043395560843305,0.00672761101729284,0.4718141247041112,0.49818587529588887,0.4662,0.49735,0.4672,0.49375,0.49718,1.0,0.28818,100000.0,1,10.0,8,5
mc_dlsk,fh_on,model,barrage,partial_band,6.0,0.49557,0.007972421213157267,0.0035653751555761977,0.48858199310369677,0.5025580068963033,0.4855,0.504,0.48658,0.49425,0.50384,1.0,0.28818,100000.0,1,10.0,8,5
mc_dlsk,fh_on,model,barrage,partial_band,10.0,0.5001599999999999,0.0034009925021969674,0.0015209700851759043,0.4971789534114924,0.5031410465885076,0.496,0.5041,0.49644,0.49935,0.50391,1.0,0.28818,100000.0,1,10.0,8,5
mc_dlsk,fh_off,omniscient,fixed_partial,cw,-10.0,0.28114,0.012020836077411596,0.00537588132309485,0.27060346622157255,0.29167653377842745,0.26625,0.29515,0.26821,0.2765,0.29447,1.0,0.28609999999999997,100000.0,1,10.0,8,5
mc_dlsk,fh_off,omniscient,fixed_partial,cw,-6.0,0.31687000000000004,0.048179282373235904,0.021546430098742575,0.2746397730110548,0.3591002269889453,0.2506,0.37765,0.25871,0.32745,0.36962,1.0,0.28609999999999997,100000.0,1,10.0,8,5
mc_dlsk,fh_off,omniscient,fixed_partial,cw,-2.0,0.42591999999999997,0.1105716882841173,0.04944916227804067,0.3290014228693636,0.5228385771306363,0.23045,0.49875,0.2747,0.4701,0.49472000000000005,1.0,0.28609999999999997,100000.0,1,10.0,8,5
mc_dlsk,fh_off,omniscient,fixed_partial,cw,2.0,0.47112,0.06152656540064624,0.027515516531586313,0.41719057858207437,0.5250494214179257,0.36165,0.5036,0.38691000000000003,0.4989,0.50358,1.0,0.28609999999999997,100000.0,1,10.0,8,5
mc_dlsk,fh_off,omniscient,fixed_partial,cw,6.0,0.49800000000000005,0.005182542812172449,0.002317703604864104,0.49345738440762776,0.5025426155923723,0.4936,0.50375,0.49369999999999997,0.495,0.50371,1.0,0.28609999999999997,100000.0,1,10.0,8,5
mc_dlsk,fh_off,omniscient,fixed_partial,cw,10.0,0.49935000000000007,0.00414080306220909,0.001851823425707763,0.4957204927798853,0.5029795072201149,0.4951,0.50375,0.49523,0.4986,0.50371,1.0,0.28609999999999997,100000.0,1,10.0,8,5
mc_dlsk,fh_off_blind,band_agnostic,fixed_partial,cw,-10.0,0.29057,0.006308585419886145,0.0028212851681458945,0.285040382680317,0.296099617319683,0.2797,0.29515,0.28205,0.29175,0.29508,0.4,0.28609999999999997,100000.0,1,10.0,8,5
mc_dlsk,fh_off_blind,band_agnostic,fixed_partial,cw,-6.0,0.30618,0.024904934250063793,0.011137825191661076,0.28435026375824135,0.32800973624175866,0.2797,0.3375,0.28205,0.2948,0.33549,0.4,0.28609999999999997,100000.0,1,10.0,8,5
mc_dlsk,fh_off_blind,band_agnostic,fixed_partial,cw,-2.0,0.35755,0.0947353154847758,0.04236692105876943,0.27451236058896034,0.4405876394110396,0.2797,0.4701,0.28205,0.2948,0.46642,0.4,0.28609999999999997,100000.0,1,10.0,8,5
mc_dlsk,fh_off_blind,band_agnostic,fixed_partial,cw,2.0,0.37055999999999994,0.11236667321764048,0.05025190394402982,0.2720680781151352,0.46905192188486466,0.2797,0.4989,0.28205,0.2948,0.49671,0.4,0.28609999999999997,100000.0,1,10.0,8,5
mc_dlsk,fh_off_blind,band_agnostic,fixed_partial,cw,6.0,0.37100999999999995,0.11291583369926468,0.050497495977523475,0.2720367265745977,0.4699832734254022,0.2797,0.495,0.28205,0.2948,0.49482,0.4,0.28609999999999997,100000.0,1,10.0,8,5
mc_dlsk,fh_off_blind,band_agnostic,fixed_partial,cw,10.0,0.37205999999999995,0.11435584484406558,0.05114148853914989,0.27182452434749826,0.47229547565250163,0.2797,0.4986,0.28205,0.2948,0.49803,0.4,0.28609999999999997,100000.0,1,10.0,8,5
mc_dlsk,fh_on,model,fixed_partial,cw,-10.0,0.28603,0.0052091985947936405,0.002329624433250992,0.28146402001332355,0.29059597998667647,0.2821,0.29475,0.28217000000000003,0.2841,0.29315,0.25,0.28703,100000.0,1,10.0,8,5
mc_dlsk,fh_on,model,fixed_partial,cw,-6.0,0.29465,0.012736905040079405,0.005696117098515446,0.28348581563518693,0.3058141843648131,0.27525,0.30675,0.27852,0.2942,0.30649000000000004,0.25,0.28703,100000.0,1,10.0,8,5
mc_dlsk,fh_on,model,fixed_partial,cw,-2.0,0.32174,0.028478597226689373,0.012736015860542885,0.2967778676068051,0.346702132393195,0.27115,0.33725,0.28266,0.33535,0.33705,0.25,0.28703,100000.0,1,10.0,8,5
mc_dlsk,fh_on,model,fixed_partial,cw,2.0,0.33367,0.01447297481515116,0.006472511104664089,0.32098411134532284,0.3463558886546772,0.30825,0.34315,0.31401,0.33755,0.34299,0.25,0.28703,100000.0,1,10.0,8,5
mc_dlsk,fh_on,model,fixed_partial,cw,6.0,0.34086999999999995,0.0026642541170091103,0.0011914906629932097,0.3385347212126175,0.3432052787873824,0.33705,0.34315,0.33748,0.3419,0.34313,0.25,0.28703,100000.0,1,10.0,8,5
mc_dlsk,fh_on,model,fixed_partial,cw,10.0,0.34131000000000006,0.002810115655982859,0.001256721926282817,0.33884687028590393,0.3437731297140962,0.33705,0.3434,0.3376,0.34305,0.34337,0.25,0.28703,100000.0,1,10.0,8,5
mc_dlsk,fh_off,omniscient,fixed_partial,partial_band,-10.0,0.28205,0.022752115286276117,0.010175055282405096,0.262107258105782,0.30199274189421804,0.25855,0.31015,0.25862,0.2881,0.30702999999999997,1.0,0.28609999999999997,100000.0,1,10.0,8,5
mc_dlsk,fh_off,omniscient,fixed_partial,partial_band,-6.0,0.29133,0.04110461652904694,0.018382543349602085,0.2553008770905336,0.32735912290946634,0.2498,0.34985,0.2509,0.2928,0.34165999999999996,1.0,0.28609999999999997,100000.0,1,10.0,8,5
mc_dlsk,fh_off,omniscient,fixed_partial,partial_band,-2.0,0.39577999999999997,0.04041866215005142,0.018075775225422554,0.36035213156553036,0.43120786843446957,0.3642,0.46525,0.36614,0.38055,0.4512,1.0,0.28609999999999997,100000.0,1,10.0,8,5
mc_dlsk,fh_off,omniscient,fixed_partial,partial_band,2.0,0.48383000000000004,0.019164896295049447,0.008570802179492886,0.46703153640957656,0.5006284635904235,0.45835,0.50315,0.46052,0.49135,0.5019399999999999,1.0,0.28609999999999997,100000.0,1,10.0,8,5
mc_dlsk,fh_off,omniscient,fixed_partial,partial_band,6.0,0.49598,0.009298763358640745,0.004158533395320993,0.48782942431666376,0.5041305756833362,0.4841,0.5035,0.48484,0.5011,0.5034799999999999,1.0,0.28609999999999997,100000.0,1,10.0,8,5
mc_dlsk,fh_off,omniscient,fixed_partial,partial_band,10.0,0.49981,0.004894180217360215,0.002188743932030427,0.49552014072183975,0.5040998592781601,0.49445,0.50495,0.49453,0.50125,0.5046700000000001,1.0,0.28609999999999997,100000.0,1,10.0,8,5
mc_dlsk,fh_off_blind,band_agnostic,fixed_partial,partial_band,-10.0,0.28388,0.015263297481212886,0.006825954145758666,0.2705013757141912,0.29725862428580885,0.2589,0.2948,0.26306,0.29145,0.29475,0.4,0.28609999999999997,100000.0,1,10.0,8,5
mc_dlsk,fh_off_blind,band_agnostic,fixed_partial,partial_band,-6.0,0.28603,0.020085616744327264,0.008982560882064755,0.26842450418221475,0.30363549581778526,0.2553,0.3089,0.26018,0.29145,0.30608,0.4,0.28609999999999997,100000.0,1,10.0,8,5
mc_dlsk,fh_off_blind,band_agnostic,fixed_partial,partial_band,-2.0,0.3283,0.05482035434033604,0.024516407771123405,0.28024872373830023,0.37635127626169973,0.2797,0.395,0.28205,0.2948,0.39211,0.4,0.28609999999999997,100000.0,1,10.0,8,5
mc_dlsk,fh_off_blind,band_agnostic,fixed_partial,partial_band,2.0,0.3653,0.10539834557525085,0.04713557308445501,0.27291597436381265,0.4576840256361874,0.2797,0.49135,0.28205,0.2948,0.48692,0.4,0.28609999999999997,100000.0,1,10.0,8,5
mc_dlsk,fh_off_blind,band_agnostic,fixed_partial,partial_band,6.0,0.37096999999999997,0.11295859639708702,0.05051662003736988,0.2719592441060606,0.46998075589393934,0.2797,0.5011,0.28205,0.2948,0.49844,0.4,0.28609999999999997,100000.0,1,10.0,8,5
mc_dlsk,fh_off_blind,band_agnostic,fixed_partial,partial_band,10.0,0.37241,0.11485238025395904,0.05136354592510139,0.2717392998685323,0.47308070013146775,0.2797,0.50125,0.28205,0.2948,0.49996999999999997,0.4,0.28609999999999997,100000.0,1,10.0,8,5
mc_dlsk,fh_on,model,fixed_partial,partial_band,-10.0,0.28536,0.004719825208627967,0.0021107700016818522,0.281222966817056,0.289497033182944,0.2783,0.29035,0.27938,0.2857,0.29003,0.25,0.28703,100000.0,1,10.0,8,5
mc_dlsk,fh_on,model,fixed_partial,partial_band,-6.0,0.28898999999999997,0.009074097751291864,0.0040580598812733175,0.28103634878559736,0.2969436512144026,0.2774,0.30155,0.2787,0.28985,0.29969,0.25,0.28703,100000.0,1,10.0,8,5
mc_dlsk,fh_on,model,fixed_partial,partial_band,-2.0,0.3154,0.010229736066976516,0.004574877047528166,0.30643340575314587,0.32436659424685416,0.30595,0.33245,0.30663,0.314,0.32901,0.25,0.28703,100000.0,1,10.0,8,5
mc_dlsk,fh_on,model,fixed_partial,partial_band,2.0,0.33707000000000004,0.004340017281071571,0.0019409147327999689,0.3332658770266489,0.3408741229733512,0.333,0.34295,0.33309,0.3358,0.34238999999999997,0.25,0.28703,100000.0,1,10.0,8,5
mc_dlsk,fh_on,model,fixed_partial,partial_band,6.0,0.33975,0.0026860752037126626,0.0012012493496356218,0.337395594538262,0.342104405461738,0.3371,0.34265,0.33722,0.3387,0.34264,0.25,0.28703,100000.0,1,10.0,8,5
mc_dlsk,fh_on,model,fixed_partial,partial_band,10.0,0.34069000000000005,0.002500349975503423,0.0011181905025531176,0.3384983868871412,0.3428816131128589,0.33705,0.3432,0.33756,0.34085,0.34311,0.25,0.28703,100000.0,1,10.0,8,5
mc_dlsk,fh_off,omniscient,follower,cw,-10.0,0.28847000000000006,0.014726065326488258,0.006585696622226076,0.27556227180732984,0.3013777281926703,0.27245,0.30635,0.27297000000000005,0.28955,0.30487000000000003,1.0,0.29458,100000.0,1,10.0,8,5
mc_dlsk,fh_off,omniscient,follower,cw,-6.0,0.31826,0.051744944197476925,0.02314104254349834,0.2729043900500341,0.3636156099499659,0.2468,0.384,0.25584999999999997,0.3277,0.37535,1.0,0.29458,100000.0,1,10.0,8,5
mc_dlsk,fh_off,omniscient,follower,cw,-2.0,0.42532,0.11238690203933908,0.050260950548114386,0.3268103470969471,0.5238296529030528,0.22575,0.4954,0.27202000000000004,0.4738,0.49123,1.0,0.29458,100000.0,1,10.0,8,5
mc_dlsk,fh_off,omniscient,follower,cw,2.0,0.47096,0.0625758080251466,0.027984752098240934,0.41611089377116606,0.5258091062288339,0.3594,0.50355,0.38562,0.49875,0.50336,1.0,0.29458,100000.0,1,10.0,8,5
mc_dlsk,fh_off,omniscient,follower,cw,6.0,0.49903,0.0036644576679230223,0.0016387952892292456,0.49581802025507676,0.5022419797449232,0.495,0.50345,0.49541,0.4973,0.50323,1.0,0.29458,100000.0,1,10.0,8,5
mc_dlsk,fh_off,omniscient,follower,cw,10.0,0.50025,0.0029704797592308087,0.0013284389334854592,0.4976463075347077,0.5028536924652923,0.4961,0.50345,0.49657999999999997,0.50085,0.50323,1.0,0.29458,100000.0,1,10.0,8,5
mc_dlsk,fh_off_blind,band_agnostic,follower,cw,-10.0,0.29458,0.005347148772944332,0.002391317628421623,0.2898931035726979,0.29926689642730214,0.28745,0.30095,0.28841,0.2936,0.30049,0.0,0.29458,100000.0,1,10.0,8,5
mc_dlsk,fh_off_blind,band_agnostic,follower,cw,-6.0,0.29458,0.005347148772944332,0.002391317628421623,0.2898931035726979,0.29926689642730214,0.28745,0.30095,0.28841,0.2936,0.30049,0.0,0.29458,100000.0,1,10.0,8,5
mc_dlsk,fh_off_blind,band_agnostic,follower,cw,-2.0,0.29458,0.005347148772944332,0.002391317628421623,0.2898931035726979,0.29926689642730214,0.28745,0.30095,0.28841,0.2936,0.30049,0.0,0.29458,100000.0,1,10.0,8,5
mc_dlsk,fh_off_blind,band_agnostic,follower,cw,2.0,0.29458,0.005347148772944332,0.002391317628421623,0.2898931035726979,0.29926689642730214,0.28745,0.30095,0.28841,0.2936,0.30049,0.0,0.29458,100000.0,1,10.0,8,5
mc_dlsk,fh_off_blind,band_agnostic,follower,cw,6.0,0.29458,0.005347148772944332,0.002391317628421623,0.2898931035726979,0.29926689642730214,0.28745,0.30095,0.28841,0.2936,0.30049,0.0,0.29458,100000.0,1,10.0,8,5
mc_dlsk,fh_off_blind,band_agnostic,follower,cw,10.0,0.29458,0.005347148772944332,0.002391317628421623,0.2898931035726979,0.29926689642730214,0.28745,0.30095,0.28841,0.2936,0.30049,0.0,0.29458,100000.0,1,10.0,8,5
mc_dlsk,fh_on,model,follower,cw,-10.0,0.287,0.0027939667141897023,0.00124949989995998,0.284551025197392,0.28944897480260795,0.28385,0.2899,0.28402,0.2868,0.28987,0.0,0.287,100000.0,1,10.0,8,5
mc_dlsk,fh_on,model,follower,cw,-6.0,0.287,0.0027939667141897023,0.00124949989995998,0.284551025197392,0.28944897480260795,0.28385,0.2899,0.28402,0.2868,0.28987,0.0,0.287,100000.0,1,10.0,8,5
mc_dlsk,fh_on,model,follower,cw,-2.0,0.287,0.0027939667141897023,0.00124949989995998,0.284551025197392,0.28944897480260795,0.28385,0.2899,0.28402,0.2868,0.28987,0.0,0.287,100000.0,1,10.0,8,5
mc_dlsk,fh_on,model,follower,cw,2.0,0.287,0.0027939667141897023,0.00124949989995998,0.284551025197392,0.28944897480260795,0.28385,0.2899,0.28402,0.2868,0.28987,0.0,0.287,100000.0,1,10.0,8,5
mc_dlsk,fh_on,model,follower,cw,6.0,0.287,0.0027939667141897023,0.00124949989995998,0.284551025197392,0.28944897480260795,0.28385,0.2899,0.28402,0.2868,0.28987,0.0,0.287,100000.0,1,10.0,8,5
mc_dlsk,fh_on,model,follower,cw,10.0,0.287,0.0027939667141897023,0.00124949989995998,0.284551025197392,0.28944897480260795,0.28385,0.2899,0.28402,0.2868,0.28987,0.0,0.287,100000.0,1,10.0,8,5
mc_dlsk,fh_off,omniscient,follower,partial_band,-10.0,0.28909,0.018870327236166315,0.00843906689154672,0.27254973282944406,0.30563026717055597,0.26515,0.3046,0.26657,0.29975,0.30441999999999997,1.0,0.29458,100000.0,1,10.0,8,5
mc_dlsk,fh_off,omniscient,follower,partial_band,-6.0,0.29932,0.0334741243350741,0.014970083500101128,0.26997917549424444,0.3286608245057555,0.26525,0.34325,0.26543,0.30785,0.33742,1.0,0.29458,100000.0,1,10.0,8,5
mc_dlsk,fh_off,omniscient,follower,partial_band,-2.0,0.40298,0.03354729124683543,0.015002804737781537,0.3735750430468613,0.4323849569531387,0.3776,0.46145,0.37912999999999997,0.3935,0.44858000000000003,1.0,0.29458,100000.0,1,10.0,8,5
mc_dlsk,fh_off,omniscient,follower,partial_band,2.0,0.48451000000000005,0.016565528968312475,0.00740832977127773,0.4699899404626999,0.49903005953730023,0.4633,0.50135,0.46477,0.4919,0.50015,1.0,0.29458,100000.0,1,10.0,8,5
mc_dlsk,fh_off,omniscient,follower,partial_band,6.0,0.49591,0.007353179584370289,0.003288441880283123,0.4894647723493919,0.5023552276506081,0.4853,0.50325,0.48655,0.4988,0.50273,1.0,0.29458,100000.0,1,10.0,8,5
mc_dlsk,fh_off,omniscient,follower,partial_band,10.0,0.4998699999999999,0.0033394610343586745,0.0014934523762075514,0.49694288713000734,0.5027971128699925,0.4962,0.50345,0.49645999999999996,0.4989,0.50342,1.0,0.29458,100000.0,1,10.0,8,5
mc_dlsk,fh_off_blind,band_agnostic,follower,partial_band,-10.0,0.29458,0.005347148772944332,0.002391317628421623,0.2898931035726979,0.29926689642730214,0.28745,0.30095,0.28841,0.2936,0.30049,0.0,0.29458,100000.0,1,10.0,8,5
mc_dlsk,fh_off_blind,band_agnostic,follower,partial_band,-6.0,0.29458,0.005347148772944332,0.002391317628421623,0.2898931035726979,0.29926689642730214,0.28745,0.30095,0.28841,0.2936,0.30049,0.0,0.29458,100000.0,1,10.0,8,5
mc_dlsk,fh_off_blind,band_agnostic,follower,partial_band,-2.0,0.29458,0.005347148772944332,0.002391317628421623,0.2898931035726979,0.29926689642730214,0.28745,0.30095,0.28841,0.2936,0.30049,0.0,0.29458,100000.0,1,10.0,8,5
mc_dlsk,fh_off_blind,band_agnostic,follower,partial_band,2.0,0.29458,0.005347148772944332,0.002391317628421623,0.2898931035726979,0.29926689642730214,0.28745,0.30095,0.28841,0.2936,0.30049,0.0,0.29458,100000.0,1,10.0,8,5
mc_dlsk,fh_off_blind,band_agnostic,follower,partial_band,6.0,0.29458,0.005347148772944332,0.002391317628421623,0.2898931035726979,0.29926689642730214,0.28745,0.30095,0.28841,0.2936,0.30049,0.0,0.29458,100000.0,1,10.0,8,5
mc_dlsk,fh_off_blind,band_agnostic,follower,partial_band,10.0,0.29458,0.005347148772944332,0.002391317628421623,0.2898931035726979,0.29926689642730214,0.28745,0.30095,0.28841,0.2936,0.30049,0.0,0.29458,100000.0,1,10.0,8,5
mc_dlsk,fh_on,model,follower,partial_band,-10.0,0.287,0.0027939667141897023,0.00124949989995998,0.284551025197392,0.28944897480260795,0.28385,0.2899,0.28402,0.2868,0.28987,0.0,0.287,100000.0,1,10.0,8,5
mc_dlsk,fh_on,model,follower,partial_band,-6.0,0.287,0.0027939667141897023,0.00124949989995998,0.284551025197392,0.28944897480260795,0.28385,0.2899,0.28402,0.2868,0.28987,0.0,0.287,100000.0,1,10.0,8,5
mc_dlsk,fh_on,model,follower,partial_band,-2.0,0.287,0.0027939667141897023,0.00124949989995998,0.284551025197392,0.28944897480260795,0.28385,0.2899,0.28402,0.2868,0.28987,0.0,0.287,100000.0,1,10.0,8,5
mc_dlsk,fh_on,model,follower,partial_band,2.0,0.287,0.0027939667141897023,0.00124949989995998,0.284551025197392,0.28944897480260795,0.28385,0.2899,0.28402,0.2868,0.28987,0.0,0.287,100000.0,1,10.0,8,5
mc_dlsk,fh_on,model,follower,partial_band,6.0,0.287,0.0027939667141897023,0.00124949989995998,0.284551025197392,0.28944897480260795,0.28385,0.2899,0.28402,0.2868,0.28987,0.0,0.287,100000.0,1,10.0,8,5
mc_dlsk,fh_on,model,follower,partial_band,10.0,0.287,0.0027939667141897023,0.00124949989995998,0.284551025197392,0.28944897480260795,0.28385,0.2899,0.28402,0.2868,0.28987,0.0,0.287,100000.0,1,10.0,8,5
mc_dlsk,fh_off,omniscient,sweep,cw,-10.0,0.27915999999999996,0.017948168430232638,0.008026664936323175,0.26342802580883606,0.29489197419116386,0.2538,0.2989,0.25727,0.27895,0.29772,1.0,0.28403,100000.0,1,10.0,8,5
mc_dlsk,fh_off,omniscient,sweep,cw,-6.0,0.31706,0.052395328990283103,0.023431903465147685,0.27113431311909125,0.36298568688090876,0.24905,0.38615,0.25614,0.32915,0.37621,1.0,0.28403,100000.0,1,10.0,8,5
mc_dlsk,fh_off,omniscient,sweep,cw,-2.0,0.42837,0.10921693206641542,0.04884329687889629,0.33263889723116563,0.5241011027688343,0.23475,0.49645,0.27902,0.47295,0.49348,1.0,0.28403,100000.0,1,10.0,8,5
mc_dlsk,fh_off,omniscient,sweep,cw,2.0,0.47314,0.061077188867858026,0.027314549236624793,0.4196044672422694,0.5266755327577306,0.36435,0.50715,0.38977,0.5012,0.50603,1.0,0.28403,100000.0,1,10.0,8,5
mc_dlsk,fh_off,omniscient,sweep,cw,6.0,0.50092,0.003987887912166017,0.0017834376916505848,0.4974245263556936,0.5044154736443064,0.49745,0.5075,0.49771,0.4992,0.50634,1.0,0.28403,100000.0,1,10.0,8,5
mc_dlsk,fh_off,omniscient,sweep,cw,10.0,0.50189,0.003270015290484102,0.0014623952953972345,0.49902375788986053,0.5047562421101394,0.4993,0.5075,0.49943000000000004,0.501,0.50634,1.0,0.28403,100000.0,1,10.0,8,5
mc_dlsk,fh_off_blind,band_agnostic,sweep,cw,-10.0,0.28363,0.008855407952206391,0.003960258829925139,0.27586803532389,0.29139196467611,0.2713,0.29565,0.27331,0.28285,0.29392,0.125,0.28403,100000.0,1,10.0,8,5
mc_dlsk,fh_off_blind,band_agnostic,sweep,cw,-6.0,0.28833000000000003,0.008942776414514676,0.0039993311940873305,0.2804914548973413,0.2961685451026588,0.27625,0.29895,0.27784,0.28735,0.29814,0.125,0.28403,100000.0,1,10.0,8,5
mc_dlsk,fh_off_blind,band_agnostic,sweep,cw,-2.0,0.30219999999999997,0.012605554331325533,0.005637375275782159,0.2911509474921304,0.31324905250786955,0.28165,0.3151,0.28561000000000003,0.30405,0.31383,0.125,0.28403,100000.0,1,10.0,8,5
mc_dlsk,fh_off_blind,band_agnostic,sweep,cw,2.0,0.30848,0.008031702808246832,0.0035918866908631747,0.3014400314493594,0.3155199685506406,0.29835,0.32045,0.29974,0.3084,0.31834,0.125,0.28403,100000.0,1,10.0,8,5
mc_dlsk,fh_off_blind,band_agnostic,sweep,cw,6.0,0.31192000000000003,0.006333699550815456,0.0028325165489366485,0.3063683695784705,0.31747163042152954,0.30525,0.3206,0.30573,0.3099,0.31972,0.125,0.28403,100000.0,1,10.0,8,5
mc_dlsk,fh_off_blind,band_agnostic,sweep,cw,10.0,0.31215000000000004,0.006368771467088443,0.0028482011867141644,0.306567628253316,0.31773237174668406,0.30525,0.321,0.30587000000000003,0.3099,0.32005,0.125,0.28403,100000.0,1,10.0,8,5
mc_dlsk,fh_on,model,sweep,cw,-10.0,0.28690000000000004,0.0034190641994557517,0.001529051993883792,0.28390311316149863,0.28989688683850146,0.28165,0.29065,0.28252,0.28725,0.29031,0.12191999999999999,0.28757,100000.0,1,10.0,8,5
mc_dlsk,fh_on,model,sweep,cw,-6.0,0.29197,0.0063988866219054225,0.002861669093378904,0.28636123164130595,0.29757876835869407,0.2845,0.2979,0.28479,0.29375,0.29787,0.12191999999999999,0.28757,100000.0,1,10.0,8,5
mc_dlsk,fh_on,model,sweep,cw,-2.0,0.30506,0.013151349740615968,0.0058814624031783055,0.2935325455133441,0.3165874544866559,0.28215,0.3152,0.28717000000000004,0.30905,0.31449,0.12191999999999999,0.28757,100000.0,1,10.0,8,5
mc_dlsk,fh_on,model,sweep,cw,2.0,0.31040999999999996,0.00801953864009646,0.003586446709488381,0.30338069361693054,0.3174393063830694,0.297,0.3184,0.29975999999999997,0.3123,0.31743,0.12191999999999999,0.28757,100000.0,1,10.0,8,5
mc_dlsk,fh_on,model,sweep,cw,6.0,0.31361,0.0024686534791258123,0.0011040153984433348,0.31144616958067345,0.31577383041932655,0.31075,0.31735,0.31105000000000005,0.3135,0.31672,0.12191999999999999,0.28757,100000.0,1,10.0,8,5
mc_dlsk,fh_on,model,sweep,cw,10.0,0.31381000000000003,0.0027201562455123705,0.0012164908548772534,0.3114257217369183,0.3161942782630818,0.31075,0.318,0.31105000000000005,0.31375,0.31726,0.12191999999999999,0.28757,100000.0,1,10.0,8,5
mc_dlsk,fh_off,omniscient,sweep,partial_band,-10.0,0.27912,0.018872817754643837,0.008440180685269713,0.2625775498338607,0.29566245016613923,0.2605,0.30015,0.26137,0.2716,0.29982,1.0,0.28403,100000.0,1,10.0,8,5
mc_dlsk,fh_off,omniscient,sweep,partial_band,-6.0,0.29105,0.036457800948493865,0.016304424246197716,0.2590939156887908,0.32300608431120914,0.25395,0.3433,0.25632,0.27995,0.33709,1.0,0.28403,100000.0,1,10.0,8,5
mc_dlsk,fh_off,omniscient,sweep,partial_band,-2.0,0.39962,0.03818444709564353,0.01707660387782067,0.36615047142121443,0.4330895285787855,0.3586,0.4614,0.36376,0.3903,0.4498,1.0,0.28403,100000.0,1,10.0,8,5
mc_dlsk,fh_off,omniscient,sweep,partial_band,2.0,0.48285999999999996,0.017844971280447604,0.007980513767922462,0.4672184804367459,0.498501519563254,0.4559,0.4995,0.45952000000000004,0.4905,0.49848,1.0,0.28403,100000.0,1,10.0,8,5
mc_dlsk,fh_off,omniscient,sweep,partial_band,6.0,0.4948,0.00769334127671456,0.0034405668137677554,0.48805661295861147,0.5015433870413886,0.4822,0.50175,0.48439,0.49805,0.50117,1.0,0.28403,100000.0,1,10.0,8,5
mc_dlsk,fh_off,omniscient,sweep,partial_band,10.0,0.4982100000000001,0.004209720893361002,0.0018826444167712685,0.494520084747433,0.5018999152525672,0.491,0.50175,0.49256,0.49895,0.50151,1.0,0.28403,100000.0,1,10.0,8,5
mc_dlsk,fh_off_blind,band_agnostic,sweep,partial_band,-10.0,0.28345000000000004,0.008994790158753015,0.004022592447663573,0.2755658636780966,0.29133413632190347,0.27405,0.29515,0.27491,0.279,0.29426,0.125,0.28403,100000.0,1,10.0,8,5
mc_dlsk,fh_off_blind,band_agnostic,sweep,partial_band,-6.0,0.28475,0.010431622596700873,0.0046651634483692046,0.27560644765920367,0.29389355234079634,0.2753,0.2969,0.27573,0.27885,0.29657,0.125,0.28403,100000.0,1,10.0,8,5
mc_dlsk,fh_off_blind,band_agnostic,sweep,partial_band,-2.0,0.29885,0.010025966287595438,0.0044837484318369205,0.2900620145578617,0.30763798544213833,0.28545,0.30895,0.28735,0.29615,0.30891,0.125,0.28403,100000.0,1,10.0,8,5
mc_dlsk,fh_off_blind,band_agnostic,sweep,partial_band,2.0,0.30901999999999996,0.008521047470821878,0.003810728276852075,0.3015511098225015,0.3164888901774984,0.2954,0.31815,0.29806,0.3092,0.31725,0.125,0.28403,100000.0,1,10.0,8,5
mc_dlsk,fh_off_blind,band_agnostic,sweep,partial_band,6.0,0.31063999999999997,0.007475911315685864,0.003343329179126696,0.3040871952204498,0.31719280477955014,0.29955,0.3203,0.30162,0.31025,0.31888,0.125,0.28403,100000.0,1,10.0,8,5
mc_dlsk,fh_off_blind,band_agnostic,sweep,partial_band,10.0,0.31107,0.007203089614880535,0.003221319605379131,0.30475632959076415,0.3173836704092359,0.3008,0.32075,0.30262,0.3103,0.31932,0.125,0.28403,100000.0,1,10.0,8,5
mc_dlsk,fh_on,model,sweep,partial_band,-10.0,0.28713,0.0025173398658107455,0.001125788612484605,0.28492349486532487,0.2893365051346751,0.284,0.29035,0.28428,0.2873,0.29,0.12191999999999999,0.28757,100000.0,1,10.0,8,5
mc_dlsk,fh_on,model,sweep,partial_band,-6.0,0.28804,0.004501444212694393,0.002013107051301537,0.2840943826824254,0.29198561731757466,0.28205,0.2941,0.28285000000000005,0.28785,0.29330999999999996,0.12191999999999999,0.28757,100000.0,1,10.0,8,5
mc_dlsk,fh_on,model,sweep,partial_band,-2.0,0.30117,0.005299363169287413,0.002369947256797076,0.29652498873141825,0.30581501126858174,0.2952,0.30905,0.29567,0.3019,0.30767,0.12191999999999999,0.28757,100000.0,1,10.0,8,5
mc_dlsk,fh_on,model,sweep,partial_band,2.0,0.31194,0.0025025986494042612,0.0011191961400934182,0.30974641587378066,0.31413358412621933,0.3083,0.3143,0.30888,0.3116,0.3143,0.12191999999999999,0.28757,100000.0,1,10.0,8,5
mc_dlsk,fh_on,model,sweep,partial_band,6.0,0.31318999999999997,0.0018280454042501279,0.0008175267579718737,0.3115876769979773,0.31479232300202264,0.3107,0.3155,0.31101,0.31335,0.31523,0.12191999999999999,0.28757,100000.0,1,10.0,8,5
mc_dlsk,fh_on,model,sweep,partial_band,10.0,0.31348000000000004,0.001609192344003655,0.0007196526940128797,0.3120695066383576,0.3148904933616425,0.31145,0.31545,0.31161,0.31405,0.3152,0.12191999999999999,0.28757,100000.0,1,10.0,8,5
