arch,jammer_model,in_channel,dwell_bursts,slot_duration_us,hop_rate_hz,jsr_db,ber,ber_std,ber_sem,ber_ci_lo,ber_ci_hi,ber_min,ber_max,ber_q05,ber_q95,jammed_fraction,n_realizations
mc_dlsk,follower,cw,1,10.0,100000.0,6.0,0.287,0.0027939667141897023,0.00124949989995998,0.284551025197392,0.28944897480260795,0.28385,0.2899,0.28402,0.28987,0.0,5
mc_dlsk,follower,cw,2,20.0,50000.0,6.0,0.28898999999999997,0.006897318319463013,0.0030845745249547816,0.28294434502345883,0.2950356549765411,0.27725,0.2952,0.27966,0.29454,0.0,5
mc_dlsk,follower,cw,4,40.0,25000.0,6.0,0.39305999999999996,0.0016876018487783223,0.0007547184905645298,0.3915807789400271,0.39453922105997286,0.39065,0.3952,0.39105,0.39495,0.5,5
mc_dlsk,follower,cw,8,80.0,12500.0,6.0,0.4464499999999999,0.002091052366632668,0.0009351470472604917,0.4446171454671204,0.4482828545328794,0.4442,0.44985,0.44451999999999997,0.44920000000000004,0.75,5
mc_dlsk,follower,cw,16,160.0,6250.0,6.0,0.47187999999999997,0.003562758762532195,0.0015933141560910036,0.4687571616380038,0.47500283836199614,0.46655,0.4764,0.46748,0.47573,0.875,5
mc_dlsk,sweep,cw,1,10.0,100000.0,6.0,0.31465,0.0029417256840160934,0.0013155797201234102,0.31207151112976683,0.31722848887023314,0.31185,0.31925,0.31203000000000003,0.31854,0.12492,5
mc_dlsk,sweep,cw,2,20.0,50000.0,6.0,0.31594,0.001858224959470725,0.0008310234653726665,0.3143112239375619,0.3175687760624381,0.3136,0.3177,0.31378,0.3177,0.1256,5
mc_dlsk,sweep,cw,4,40.0,25000.0,6.0,0.31555,0.005656854249492383,0.0025298221281347044,0.3105916397415635,0.3205083602584365,0.3076,0.3205,0.30840999999999996,0.32036,0.12732,5
mc_dlsk,sweep,cw,8,80.0,12500.0,6.0,0.31571999999999995,0.004383292141758299,0.0019602678388424403,0.3118779456358166,0.3195620543641833,0.3107,0.32215,0.31121,0.32123999999999997,0.12552000000000002,5
mc_dlsk,sweep,cw,16,160.0,6250.0,6.0,0.31778000000000006,0.011442934501254479,0.005117435881376533,0.30775000997930907,0.32780999002069106,0.305,0.3361,0.30686,0.33269,0.1288,5
